,0,1,2,3,4,5,6,7,8,9,10,11,12,13,14,15,16,17,18,19,20,21,22,23,24,25,26,27,28,29,30,31
0,3,84.9352,0.1531,1.4701,93.6215,0.0761,1.3562,165.789,0.182,1.805,305.0043,0.1496,0.7318,322.2031,3.5444,0.2785,341.1365,4.1083,0.4575,378.7885,1.0313,2.7267,546.3256,26.9011,25.5471,1813.2993,519.7746,3.685,-16.10749144,1.68297,1.181849,155.721191
1,4,101.2557,0.2637,1.6269,115.2599,0.1163,1.4849,167.4605,0.1497,1.5623,311.9179,3.3399,1.3644,317.457,3.3609,0.8231,342.7101,2.0994,1.4629,381.5121,1.56,9.8379,484.7834,28.0118,40.4818,1697.2675,548.4178,18.9156,-17.33232821,1.757222,1.196874,148.751709
2,5,118.7841,0.0168,0.859,126.0243,0.0588,1.0203,167.0082,0.8919,6.2709,290.8096,5.3649,3.7175,311.1651,4.069,0.4022,327.5698,3.5938,0.7976,366.8783,0.7578,6.9482,486.2585,1.9388,2.9056,1671.6962,469.8275,52.843,-11.31714285,1.803819,1.193868,138.383514
3,6,88.4993,0.399,1.5193,98.7302,0.1367,1.2944,169.0962,0.032,1.1652,297.0971,5.3487,0.8095,312.321,2.1086,1.714,341.3793,1.2501,0.5642,370.307,1.7501,3.0801,490.7709,14.8194,83.4797,1655.7,596.3303,24.1712,-20.59676073,1.776055,1.198244,129.099289
4,8,-29.3621,0.3513,0.8872,55.2382,0.7773,0.7269,176.6994,0.0815,1.5351,264.665,4.9179,0.1496,296.817,3.1154,0.9466,335.962,2.6404,0.506,396.6792,3.1934,1.4106,574.4646,14.4419,11.1377,1704.1718,415.0212,2.1226,-18.85353795,1.640179,1.194006,127.508621
5,10,88.6228,0.1829,1.1372,122.2322,0.2735,1.1075,170.5978,0.1642,0.9795,285.4288,0.5286,0.3295,324.5891,6.1277,0.1801,332.3343,2.3121,3.7969,396.2206,2.2451,7.8384,482.9887,26.7179,19.6744,1690.0244,454.3671,13.3608,-21.91716727,1.77183,1.198461,141.413162
6,11,99.4537,0.1817,1.2712,123.5536,0.2012,1.3451,169.3311,0.1839,1.0302,279.9175,0.0821,0.8648,326.6634,3.9269,3.8862,329.048,5.119,1.2748,381.0056,2.8034,9.7303,458.0326,29.3943,20.7878,1695.0592,476.5623,16.5675,-19.74548066,1.790527,1.198468,149.045532
7,12,99.3783,0.1468,1.1648,111.0168,0.1594,1.4185,167.9185,0.0947,1.1131,284.831,0.2409,0.1354,313.8748,3.5445,0.9755,334.8621,5.9894,0.3373,368.4686,1.5009,2.9912,484.4452,34.2396,17.7793,1741.15,425.6419,4.953,-19.46630146,1.74661,1.194163,154.620728
8,13,83.8717,0.1409,1.0567,92.5558,0.1619,1.343,169.4494,0.1323,1.06,290.7946,4.553,0.2618,298.6334,0.1619,0.0892,331.6733,3.9499,0.2846,345.84,2.4561,0.7975,547.3045,30.0754,15.3652,1784.1292,400.7076,2.1287,-18.53444911,1.673717,1.189703,155.506638
9,15,110.1811,0.0088,3.786,122.8762,0.0314,2.2929,173.3311,0.1701,20.6415,271.9515,5.5493,0.4633,335.8536,3.2752,2.1703,377.1241,0.8436,2.6919,420.7551,5.1538,166.2069,582.9055,0.3256,178.7747,1637.0618,590.3084,443.4665,-15.75445431,1.687608,1.201496,145.449783
10,16,100.7541,0.5135,2.9427,123.7178,0.7491,22.0793,164.6056,9.48,20.5328,291.9261,6.7458,11.323,342.3018,4.2962,53.2786,354.3559,13.9673,13.9845,407.1461,4.3989,267.7393,448.2246,27.094,230.9168,1552.0512,1459.3433,6039.307,-11.42306654,1.797059,1.192919,134.324341
11,21,29.9067,0.7064,5.398,73.7749,0.1178,1.3753,97.2302,0.0654,1.7649,279.5228,3.6729,1.0878,329.0305,1.5909,1.5482,336.2662,1.0949,1.3851,358.4508,2.5573,0.2336,584.7455,12.4554,10.7271,1749.152,528.8796,0.5517,-15.12637955,1.597561,1.186509,149.095856
12,22,80.7021,0.0982,1.4704,90.3259,0.0906,1.4551,161.0645,0.0518,1.8317,290.7668,1.4226,0.0737,294.3419,3.6385,0.2408,339.5547,4.6048,0.4661,347.5988,0.6149,2.6988,534.1996,28.7354,21.4905,1832.4104,516.1222,3.7762,-18.29599532,1.697227,1.180549,160.222336
13,23,109.8327,0.1878,1.7862,116.5585,0.1209,1.9451,161.289,0.0081,1.825,302.9931,5.7368,0.5794,304.4267,1.767,1.782,339.269,4.7048,3.3483,345.9218,1.8214,4.1331,429.1653,31.2747,35.4536,1698.562,551.368,21.5149,-19.46234815,1.803707,1.199796,161.788116
14,30,96.472,0.2814,2.5012,119.0617,0.2938,1.6571,167.7116,0.0136,1.347,293.7606,3.0342,0.7127,320.9377,2.5725,16.4899,329.2046,3.8241,0.4537,375.6573,4.4271,25.3252,441.9984,29.2653,45.8384,1647.708,637.3171,97.455,-24.35680065,1.831111,1.20406,140.863724
15,34,106.5018,0.0242,1.1786,147.0936,0.0433,1.1065,189.4777,0.3231,2.3058,290.8832,5.2576,7.1181,326.8176,3.2607,0.2721,397.1313,12.0681,272.3122,431.4374,0.971,31.1081,549.1371,4.5907,5.1354,1528.7696,486.9187,1118.6991,-11.20375179,1.746497,1.215531,130.505936
16,35,66.2146,0.0408,1.0413,106.6685,0.2003,1.3324,176.35,0.4219,1.0449,222.2182,7.3688,1.869,277.6077,3.7356,0.1605,298.1841,2.639,0.9796,352.5165,2.2062,0.7952,363.1088,2.3363,3.7017,1823.2061,501.4287,78.5379,-9.013679142,1.862487,1.171355,124.380547
17,40,114.5217,0.1065,1.5077,133.8318,0.1285,1.6184,161.9928,0.0263,2.8729,302.402,4.9082,0.5219,326.8719,4.3191,0.9323,354.3219,4.2619,0.4078,415.6384,8.8705,15.722,546.2625,12.4215,5.8358,1559.5172,518.0546,14.9106,-20.88409756,1.732925,1.221021,156.092484
18,42,119.3844,0.0803,2.9392,124.6627,0.0515,2.4836,161.6273,0.7417,1.0359,276.1778,5.7209,6.2946,323.1617,3.8521,6.979,366.6643,9.7842,79.508,416.9043,0.7247,0.6078,509.8451,1.0691,77.2344,1485.0409,773.2198,695.1659,-19.26549826,1.818397,1.222528,139.9935
19,46,119.3233,8.0054,1590.8182,130.8977,2.499,498.1691,136.4476,8.369,1886.6614,310.9064,5.7254,66.6998,330.1528,26.1571,5345.2978,366.5368,3.4071,15.9142,421.2304,1.8514,14.5305,541.8199,7.5627,473.7896,1472.2683,1115.3865,101908.9125,-14.75037556,1.75591,1.211103,136.841583
20,47,109.0062,0.0226,2.5695,133.7722,0.0064,6.9281,179.4414,0.1992,121.2838,294.4753,5.8196,3.5828,318.7309,0.4276,23.7339,342.4264,4.3657,1.5166,368.7078,2.8782,0.9588,455.2092,10.4025,331.1494,1715.2472,668.4808,7106.1931,-8.874999432,1.822787,1.182719,139.764511
21,48,122.7779,0.1346,2.1228,146.9962,0.1067,2.673,182.4922,1.8104,9.4447,332.2718,3.3207,1.7679,348.3038,2.412,52.023,362.3353,1.0649,0.6716,390.3544,3.4332,138.3562,538.7696,5.8212,128.845,1539.3396,1031.0876,252.7036,-9.461909535,1.77253,1.202969,143.545242
22,49,87.1182,0.0164,1.1858,127.0625,0.0459,2.9217,189.506,0.1327,6.2013,230.9373,0.1853,0.6664,298.6957,4.4027,0.3355,339.9286,3.7343,0.9019,456.0107,0.8434,76.5931,609.7797,0.0588,43.3051,1787.4958,523.5558,89.5719,-10.50514491,1.664846,1.180458,148.295792
23,52,64.093,0.1753,1.258,100.5193,0.2197,1.6384,151.3647,0.4484,0.8243,237.7295,0.8279,0.114,291.0605,5.0673,0.304,316.8557,3.0854,1.608,369.4567,10.6537,1.3409,422.3508,24.6813,35.9131,1798.7695,533.2212,28.1059,-21.75137913,1.798172,1.181307,143.301102
24,53,117.3707,0.0794,1.5433,139.9916,0.1373,2.0423,156.4475,0.466,1.7479,312.6995,4.9079,0.7355,322.8692,10.4742,47.6708,351.6615,7.392,5.1726,403.0678,1.4653,22.8847,514.7041,4.1803,23.1348,1503.7749,669.278,697.8187,-16.49635939,1.839167,1.220547,141.698441
25,55,96.4852,0.2325,1.0386,107.806,0.4816,1.026,159.4352,0.1709,2.1606,302.927,4.7202,0.5486,336.8568,4.2668,0.2325,381.7677,0.5868,0.5137,414.388,1.3728,3.7001,554.2375,33.5828,6.3639,1611.9027,353.6395,1.7047,-31.00269631,1.702175,1.216377,146.059402
26,57,81.3039,0.3806,0.9467,115.0677,0.5591,0.8574,178.422,0.1274,1.9478,291.1815,4.79,0.3754,349.2945,4.3325,0.7749,395.8143,0.2763,0.9499,446.1756,1.1451,3.4108,596.7826,31.9855,5.7224,1572.5123,347.7367,1.6281,-24.39853007,1.665216,1.220487,140.463562
27,58,-30.1918,0.0774,1.3394,119.1979,0.3052,0.9627,172.4786,0.2652,0.4043,213.4386,0.1121,0.6569,280.9489,2.343,0.9527,315.8654,4.1774,0.5526,392.3749,7.2612,5.6014,450.9817,20.505,37.004,1827.5249,563.1559,31.4558,-18.03281762,1.798528,1.17371,133.019821
28,59,-243.8892,510.2831,738201.4407,124.0755,3.7496,7512.1557,162.2813,3.6619,4077.5969,219.0232,31.4006,27310.5393,298.0106,3.4007,38.0194,354.3287,4.9296,40.7652,418.233,60.8555,79258.8531,453.6023,96.8061,101748.2967,1179.4211,2558.0693,3281253.004,-7.396334868,1.854608,1.221362,127.38884
29,60,96.4599,0.0476,0.6032,141.2675,0.274,0.6334,184.1811,0.4091,1.1261,240.6423,3.26,1.4546,284.6586,3.1237,0.101,296.7806,3.1752,0.2982,327.146,4.5174,0.1737,438.8114,0.8057,1.6531,1831.3563,429.7986,21.6796,-5.259098559,1.834789,1.169447,129.330353
30,64,-100.8185,0.6631,1.4162,-59.1067,0.7616,0.9874,154.7299,0.6322,0.6245,172.3264,2.2014,2.2648,236.3681,1.5043,1.2676,315.0853,5.5699,0.243,352.5263,8.6024,3,450.0109,16.6849,51.2802,1897.1973,672.2521,29.7464,-23.13510143,1.776695,1.166014,140.772202
31,65,115.224,0.1157,1.8502,125.9224,0.1883,3.9137,166.1015,0.4718,1.6461,305.0237,4.3747,0.9541,339.6694,7.0066,15.463,386.2121,10.7821,11.5316,420.7886,2.5191,13.4917,516.8272,4.9273,27.4942,1478.4777,615.233,174.5648,-22.56569886,1.803465,1.23002,143.272385
32,66,-20.9141,0.16,1.6855,41.8816,0.4486,1.9682,158.5782,0.3655,1.7616,209.1403,0.2043,0.3016,238.3763,2.7555,0.7077,294.0961,6.3411,0.2443,364.6051,10.9852,2.0364,439.9464,31.3184,31.726,1859.0477,582.6016,24.4537,-33.36709124,1.789904,1.17638,150.723755
33,71,111.1021,0.0796,2.1529,130.4719,0.0446,2.0223,161.0711,0.0911,1.5184,278.2446,4.7568,1.083,309.6498,4.4975,0.8037,341.7221,0.7829,6.5202,398.7658,13.0697,16.8802,531.4582,6.1948,32.1538,1584.5971,649.2175,84.831,-17.8744341,1.760695,1.213027,152.055817
34,72,47.0086,0.1108,1.8497,82.6586,0.2155,1.8924,168.7587,0.1712,1.2753,216.0693,0.3871,0.056,291.0549,3.9586,0.5039,315.6583,4.4051,0.5636,345.6736,7.9421,1.0148,483.5762,36.3767,26.759,1859.4638,579.2341,9.6502,-20.64627127,1.731193,1.175629,152.666702
35,74,72.006,0.1072,1.1383,96.0913,0.1943,0.885,191.6868,0.0262,3.1919,297.9155,0.4122,0.1948,343.5345,3.3308,0.4934,377.4468,3.4377,0.4583,456.9669,0.887,1.3657,668.9216,6.2464,2.2679,1794.2895,602.8867,24.3379,-10.04166602,1.650674,1.180434,141.947128
36,75,94.8399,0.1361,1.201,103.6176,0.3392,0.7797,196.4246,0.135,4.4687,326.5043,1.0625,1.0948,351.5712,1.9805,3.1885,398.8431,2.9886,5.1047,436.1497,2.9372,54.2002,561.0462,10.5293,17.9388,1734.8258,562.0284,289.9573,-9.558922581,1.708752,1.187095,136.52153
37,76,110.0362,0.1968,301.3888,115.548,1.433,253.3039,157.9513,25.6644,3529.7879,325.3264,12.1287,747.8455,337.6858,4.1803,235.5363,365.8636,33.4964,1852.2212,398.7327,2.6096,204.8708,477.5616,31.8488,1035.6805,1504.2523,1631.4006,228713.8131,-10.74993656,1.763709,1.199941,135.757339
38,77,103.2347,0.042,2.9624,114.2912,0.0064,7.3806,174.4775,1.5619,41.5797,283.5137,4.7463,8.7427,310.7036,3.0046,6.3732,337.5811,5.778,6.9941,395.2419,1.6633,152.5424,489.2388,7.2395,203.6271,1660.6792,1131.2493,2499.9594,-13.75966277,1.765838,1.187264,141.397156
39,78,83.0614,0.3043,1.3534,106.1644,0.1057,1.5917,173.2643,0.2273,1.142,274.3505,6.2148,0.3087,302.3711,3.6551,0.7353,328.8784,0.5188,0.0366,366.5835,3.0706,0.8989,527.807,41.4261,20.0804,1699.028,416.9302,3.2146,-22.06419287,1.695734,1.203084,151.258591
40,79,-77.939,0.0027,1.1173,-43.6357,0.2265,1.3867,141.5628,0.4534,0.764,179.4634,0.712,0.8607,245.5038,2.0592,0.2746,270.3316,4.1347,0.0886,335.497,4.9902,0.4633,569.3885,28.3578,22.4049,1952.2918,502.8645,2.2899,-21.93304327,1.657415,1.165236,161.05513
41,82,112.671,0.1882,1.5257,120.0135,0.0886,2.1936,165.9843,0.0171,1.5234,298.3329,4.9607,0.6322,314.8437,2.1233,1.1143,358.7772,4.5994,1.0377,399.9908,7.5364,8.7934,489.9688,16.6214,15.0154,1540.7002,519.4205,16.2221,-18.63974529,1.756424,1.225474,157.074966
42,83,-212.7317,2.4258,5.4413,-51.9733,0.227,2.0006,128.7936,0.182,0.6439,160.8176,0.4761,1.3459,235.357,0.874,0.8175,339.3798,5.5251,0.2827,357.2856,5.2802,0.2552,419.8196,16.9867,32.8524,1880.4575,746.6781,38.786,-16.92752151,1.7689,1.169072,161.299683
43,84,106.6204,0.2386,1.4285,126.945,0.1089,1.5928,151.2981,0.0304,2.0712,258.5992,3.4391,0.3302,336.7104,5.4852,0.2289,358.1313,5.2315,0.7157,378.6946,1.1644,1.1905,491.2791,28.3145,12.7907,1573.8067,495.4299,5.017,-22.44703672,1.680459,1.222896,166.971359
44,85,-150.5659,0.1204,0.8887,-145.5953,0.4883,0.8099,125.7978,0.5415,0.8546,176.5264,0.3983,1.3688,228.0582,0.2399,0.3546,325.3833,5.0704,0.1551,372.7225,5.3078,0.4186,550.605,20.982,18.2963,2000.8178,502.1142,1.6141,-25.96002595,1.666762,1.159905,166.244858
45,86,47.6285,0.589,1.2918,102.1782,0.1459,1.4147,172.9771,0.0386,1.2779,291.484,5.0181,0.0903,312.7533,0.383,0.2807,331.7222,4.6594,0.1613,367.665,4.6839,1.0377,566.2093,30.3126,17.3274,1711.6164,370.4409,1.1604,-21.37700666,1.647447,1.205851,160.872955
46,87,-152.4011,6.4055,44.5006,81.9688,0.0434,3.0098,145.1911,0.6742,42.8269,186.1649,1.7442,2.0975,277.3407,3.308,2.1967,318.5659,4.6873,11.9583,373.5763,1.6115,52.6714,489.7214,0.332,86.483,1833.9799,811.6874,485.5192,-11.90242143,1.710411,1.171098,158.018204
47,88,121.1234,0.0162,1.6306,130.4967,0.164,1.6596,169.0443,0.4859,19.1094,290.3162,4.4733,0.6843,317.6081,1.8836,5.9823,327.6604,3.5762,10.0272,404.5334,3.5326,126.8405,553.1395,0.0573,80.7073,1592.284,790.1984,252.0133,-10.981174,1.721811,1.205156,155.319122
48,90,109.4604,0.0399,0.7096,137.1449,0.0366,0.5324,188.0076,0.185,1.4258,293.5448,4.7304,0.3583,308.9132,3.5258,0.2963,380.9953,0.309,0.1395,443.9573,1.3246,2.3995,596.1914,4.7636,1.0983,1648.5521,444.5046,12.0787,-11.00778042,1.697633,1.200209,138.811035
49,91,66.1999,0.0745,0.7883,144.7682,0.0039,0.7282,192.8084,0.1045,3.5722,313.3219,3.8382,0.2453,320.2883,2.7635,0.1848,358.7754,1.1061,1.0052,455.5508,2.2456,8.7384,631.4386,4.0089,21.935,1730.1394,518.0166,157.7148,-6.915473955,1.680708,1.185383,131.473633
50,92,59.3196,0.0979,1.0097,155.7874,0.0106,1.1434,195.2951,0.226,24.0184,334.3691,1.4899,0.5922,347.3412,3.7715,0.783,376.8144,2.3383,1.9432,468.4085,5.5237,36.3716,630.4268,2.5678,183.1649,1666.3571,649.1182,1176.9423,-7.508972913,1.688214,1.191414,128.326859
51,94,68.4217,0.3061,1.3124,114.4027,0.4895,1.1159,174.639,0.0347,1.3133,298.3255,0.7869,0.1643,321.0965,4.1672,1.4175,341.7944,3.0976,1.4128,405.9744,3.7483,3.1853,496.0652,35.7696,16.109,1690.6384,454.8294,11.6341,-25.21925039,1.754457,1.199373,134.855896
52,96,89.2415,0.1624,1.555,95.0191,0.1983,1.461,155.3692,0.1223,2.5284,277.7977,4.541,0.1834,301.1034,2.7907,0.2227,326.0869,3.1558,0.4655,371.1448,1.3994,2.4736,520.9617,33.4273,16.8795,1761.8959,468.7881,4.3666,-30.86163206,1.717671,1.193314,155.521698
53,99,84.0888,0.3561,1.5395,104.9864,0.0885,1.695,156.2783,0.2649,3.1669,263.1261,5.7117,0.0954,286.0602,5.7842,0.2463,375.1994,0.7236,1.9429,388.8121,1.3911,0.3913,542.2495,38.6042,21.3768,1660.1785,417.9275,3.016,-30.84230475,1.689681,1.212266,160.851044
54,100,-36.6216,0.1321,1.6222,43.4177,0.1989,1.8393,150.0022,0.408,1.7504,239.5901,1.3414,0.6292,241.5655,2.2416,0.7871,271.3886,5.0412,0.8062,314.6896,4.7919,0.9128,494.4804,26.3683,45.4565,1892.2387,612.9412,13.8075,-27.00627337,1.732249,1.170394,152.595673
55,101,82.8127,0.5218,1.8702,109.2361,0.1351,1.7028,167.733,0.086,1.909,282.0834,5.7961,0.3837,319.2574,5.4476,0.4957,381.0764,0.4005,2.3455,404.2094,0.7946,1.3307,534.7842,36.6679,33.2103,1586.615,448.5041,9.1462,-25.1602017,1.709376,1.219267,144.763031
56,102,40.1913,0.0315,1.1994,93.5038,0.0535,0.9682,176.7907,0.2168,2.7442,272.3149,0.3756,0.0977,283.7036,3.3181,0.2712,378.5302,2.8898,0.2622,412.9615,2.0766,3.308,509.1543,5.9631,1.1004,1874.187,617.819,10.6111,-16.75244622,1.711467,1.166499,141.225281
57,106,-72.0269,0.0107,1.5327,93.3549,0.208,1.6565,162.182,0.3212,1.4779,188.9847,0.4179,0.4126,286.7905,2.9853,1.4774,316.0126,4.7881,0.2905,363.7706,5.0762,2.2381,487.7199,35.9893,22.1047,1909.1253,598.0737,11.4571,-21.24403729,1.732604,1.165781,147.072662
58,107,75.041,0.3655,1.5055,129.5319,0.2802,1.1307,175.4711,0.1903,2.0188,271.2274,4.9156,0.2679,297.0323,5.6584,0.6976,378.0324,0.7435,0.5261,430.6192,3.3361,8.8062,553.0194,45.0254,8.267,1591.9067,385.409,4.2926,-24.84010885,1.710103,1.218713,146.703857
59,109,63.432,0.3748,1.3624,114.9045,0.4603,1.1577,167.6686,0.1741,2.1044,261.9908,4.6984,0.1287,322.362,5.2719,0.7246,363.8564,0.4401,0.1945,429.0919,1.0636,4.2739,558.6997,45.3789,9.1889,1620.9382,388.3586,3.5065,-28.38861515,1.688681,1.214768,143.241913
60,112,62.1343,0.1712,1.5206,75.4173,0.1898,1.735,167.3201,0.1288,1.0749,265.901,0.2365,0.0732,282.2281,2.8904,0.7095,332.3405,6.1873,0.369,351.1849,5.3539,0.5245,502.3943,28.6063,25.7097,1818.5834,527.7933,6.3639,-22.90405225,1.719925,1.181959,147.054672
61,113,111.0408,0.1079,1.7723,119.6893,0.0688,2.1533,172.6509,0.4249,1.6485,286.2732,2.7737,0.8557,334.8063,3.1933,2.2491,340.6464,5.1586,0.1883,419.5276,5.3709,14.117,554.3331,8.2766,39.2129,1657.2827,699.7672,39.7136,-15.84305873,1.703297,1.201052,152.361954
62,114,72.5983,0.1451,1.36,81.9269,0.1236,1.5698,178.7664,0.0932,1.0075,253.2798,0.1095,0.0863,299.5326,1.9855,0.2504,308.8632,4.259,0.245,348.5743,5.8244,0.4773,528.4776,31.8069,21.979,1829.7676,462.3516,3.2828,-18.99071164,1.690731,1.183215,159.643372
63,115,78.8748,0.1551,1.2535,89.8173,0.1171,1.4015,180.1549,0.0909,0.9802,248.4266,1.4786,0.0679,281.2897,3.5813,0.1347,319.876,2.0283,0.4284,361.831,4.4253,0.6987,545.4451,30.2104,22.2996,1822.4138,435.1274,3.4704,-18.14721269,1.674021,1.185132,163.773926
64,116,91.351,0.2122,1.1711,103.8427,0.1311,1.3599,177.8188,0.0591,0.9345,265.794,5.1667,0.1874,301.7843,0.0396,0.0663,340.3497,2.6654,0.6682,378.9333,3.0969,0.8625,550.5701,30.9514,20.5849,1765.1937,409.2716,2.1294,-18.58006909,1.672164,1.19363,160.768417
65,117,92.7461,0.0072,1.3921,110.3583,0.0486,3.289,167.6801,0.0814,31.1281,241.4346,0.1309,2.9781,271.0647,4.7396,1.0102,335.0324,3.4313,9.5823,397.1051,4.9041,176.3908,539.3096,0.0687,50.8378,1776.702,669.4953,569.1574,-15.4240703,1.70185,1.179885,151.866699
66,123,-38.616,0.138,1.2285,88.1975,0.1243,1.3341,165.8868,0.2082,1.0181,259.7067,0.2014,0.2322,282.1973,1.0753,0.7686,344.8549,4.4935,0.4536,374.0129,4.7957,0.4472,474.977,18.9778,33.0987,1869.1187,543.0628,9.3081,-18.52014189,1.746195,1.17015,146.81955
67,124,123.1779,0.0774,1.4214,140.0529,0.0856,1.1246,167.3618,0.4949,1.4032,287.5135,4.778,1.0779,340.9838,3.9077,1.5091,401.4725,5.7309,16.6717,403.9536,6.9524,5.2283,576.2209,5.5604,17.7,1532.3344,560.1029,110.3068,-18.1224888,1.736061,1.218553,147.457123
68,125,-22.6487,0.136,1.2189,94.7676,0.1308,1.2973,160.2489,0.2335,1.7227,234.9924,0.5058,0.4852,266.9396,3.5644,0.4374,317.283,4.7475,0.2899,350.5263,2.8445,1.1912,501.0795,27.374,14.0729,1874.4823,459.7134,4.9679,-24.41873589,1.732626,1.171866,147.009384
69,126,92.6093,0.281,1.0185,121.5219,0.5785,0.6943,167.4748,0.0038,2.6203,281.2592,5.9777,0.2565,309.0151,3.7889,0.228,394.312,0.9412,0.8701,427.9482,1.0365,3.8028,580.9344,30.4868,5.7754,1592.3977,343.1596,1.1652,-26.85523171,1.669451,1.217809,144.690872
70,133,-24.9348,0.073,1.3623,105.7165,0.1317,1.3057,170.0095,0.3659,1.9446,239.7121,0.4628,0.3827,278.0347,2.0133,1.0306,307.4774,5.0861,0.3348,360.0019,3.0587,0.9111,550.338,25.9634,18.6563,1899.3456,531.0466,5.3813,-19.01681605,1.688547,1.166506,144.088974
71,134,83.9796,0.3244,1.3493,118.539,0.2952,1.3462,168.4808,0.3221,1.9213,268.9621,6.9665,0.3188,286.4661,3.8684,0.8089,375.574,0.6188,0.2994,393.2422,0.6524,3.7227,552.5468,41.0718,18.4573,1607.8548,400.9679,7.8435,-25.5363312,1.715282,1.214093,139.699677
72,136,77.6087,0.4844,1.7086,111.4386,0.3132,1.6407,166.7622,0.24,1.9648,286.4406,6.4858,0.4493,301.115,3.8664,0.7249,366.4407,0.6255,1.0495,393.197,0.7939,4.2739,526.4256,42.7138,28.2828,1578.1107,452.823,17.3072,-28.10366286,1.736992,1.218962,137.058304
73,138,78.9683,0.3902,1.5436,84.0302,0.3104,1.6607,164.9974,0.0195,1.8954,311.9564,4.4835,0.2684,326.7596,3.6367,0.3594,347.2464,1.8524,0.1569,382.369,2.3146,1.5586,562.7995,34.354,15.1246,1696.5815,471.2815,1.8092,-28.79436312,1.66569,1.204079,148.323059
74,139,69.7788,0.1932,1.7473,79.5334,0.1907,1.7641,165.8871,0.0128,1.5903,274.966,0.2651,0.0554,306.8523,2.016,0.4926,348.2986,5.3893,0.3761,358.9186,5.093,0.6832,529.3978,32.3517,20.6709,1818.5149,528.0336,3.683,-27.1682337,1.694069,1.184776,154.673004
75,140,96.7838,0.2737,1.9004,106.5696,0.1841,1.9632,171.2583,0.0555,1.4468,314.4459,0.2837,0.1836,324.6012,2.7765,0.7027,361.0865,2.8724,0.7996,364.7082,5.2687,0.5473,495.9554,37.3237,27.7435,1725.3052,500.3119,6.6968,-24.49830416,1.724052,1.199824,161.333923
76,141,93.0396,0.2147,2.036,101.3411,0.1061,1.9408,171.8114,0.0109,1.6249,281.8362,0.1452,0.2076,295.8357,3.5433,0.2509,325.5946,2.7502,0.7086,334.2636,4.5288,0.3721,467.4227,34.3293,39.0877,1773.4855,557.658,13.4936,-22.64834192,1.75057,1.190892,166.787598
77,142,103.5463,0.0404,2.3391,108.4015,0.7883,2.4247,145.3445,0.5407,21.8776,250.846,6.2257,18.0906,284.4619,8.1811,14.6295,306.0623,2.8718,16.5248,335.6107,2.5587,40.0872,451.2365,3.4867,152.6008,1687.4611,1017.1275,79.9653,-13.82774761,1.731146,1.191372,164.658539
78,143,64.5266,0.3459,1.6894,99.9639,0.0812,1.7107,166.8366,0.2207,1.7091,271.3658,6.4415,0.2953,296.0838,2.407,0.3228,307.8167,1.6268,0.2489,368.282,1.2592,0.3472,533.4917,35.0437,35.7762,1773.847,505.5982,4.0877,-23.07806077,1.682466,1.191791,159.172104
79,147,113.7678,0.106,1.7945,121.2066,0.1284,2.7061,174.3646,0.9037,0.5954,329.7893,3.7665,1.7702,340.5518,3.9409,2.9407,391.2309,4.7735,0.2161,420.6798,5.0207,16.2578,542.8472,6.424,52.167,1548.8223,763.0692,357.9755,-18.41974029,1.74559,1.213488,139.654434
80,148,-37.9682,0.3454,1.4204,58.614,0.3072,1.4865,160.9358,0.0661,1.0929,220.8518,2.901,0.8727,272.5992,1.5789,0.485,342.1801,6.789,0.6746,361.5693,5.0195,0.27,487.1033,25.2127,27.0245,1850.2668,556.0614,8.5713,-21.49604531,1.72918,1.176358,146.094971
81,149,100.4366,0.3017,1.2554,107.2717,0.2033,1.3968,172.8245,0.0481,1.5735,319.941,4.7229,0.3134,341.7265,4.166,0.266,391.9649,0.6706,0.6115,395.622,0.4283,2.7539,579.2143,31.7483,13.8171,1614.4765,388.9423,0.8847,-20.77453431,1.658872,1.217341,154.192459
82,150,34.7725,0.0681,1.2354,84.6258,0.1209,1.3573,169.5059,0.0534,1.4258,262.6353,0.0535,0.1071,303.2319,2.0968,1.0728,320.6489,4.6446,0.5272,362.1468,2.8378,0.9199,522.7236,25.2129,22.087,1867.967,520.9942,4.7899,-19.18875379,1.700545,1.172941,150.541183
83,152,79.616,0.1519,0.8754,122.8441,0.0072,0.6022,179.9266,0.4646,0.3555,265.2241,1.9284,2.9905,299.9714,2.4319,3.5264,333.194,4.6755,2.8394,369.5371,12.3893,303.7028,429.3433,3.1475,11.3524,1791.2943,523.6326,1482.422,-13.35510708,1.77307,1.174935,129.642227
84,156,47.2148,0.0732,1.172,122.5424,0.1882,1.2632,174.8341,0.3541,1.5001,216.1859,0.4344,0.1082,329.4519,2.9864,2.5062,374.9094,4.1589,0.5901,385.1692,3.307,3.8015,470.7968,33.0612,18.0659,1829.3544,486.0787,10.5642,-18.63485072,1.746094,1.17711,146.695343
85,157,117.5429,0.1363,1.1393,146.3758,0.166,0.9698,186.1488,0.1212,2.2972,334.7503,3.539,1.0653,353.4802,2.1486,2.4403,380.6857,11.0545,8.4179,390.0498,2.2547,6.4051,567.2525,7.3872,1.9655,1559.6698,457.6679,20.0486,-15.34832984,1.768067,1.216932,148.629715
86,158,81.3803,0.0617,1.4593,132.6148,0.0924,1.1858,170.9045,0.1963,0.8987,250.1862,0.0584,0.5645,309.7645,3.9119,1.3179,357.5595,5.329,1.6108,379.7666,8.4805,6.2328,515.091,5.2074,14.349,1769.5878,598.9354,67.6658,-15.46153264,1.769839,1.181304,147.56366
87,159,85.7653,0.1859,0.9891,120.8626,0.3634,0.7315,173.1513,0.0456,1.7376,286.79,5.5455,0.3903,322.3372,4.189,0.2353,379.9584,1.3003,0.2092,419.377,0.869,4.4457,567.0516,29.615,7.527,1612.2452,341.6378,2.8712,-24.71479511,1.688024,1.213866,143.030991
88,162,63.0582,0.1845,1.1657,90.5594,0.3089,1.1939,165.7793,0.0434,1.612,268.0933,2.0732,0.1638,285.7686,2.4538,0.6856,312.3833,4.123,1.2824,343.0104,2.3863,1.1843,484.9115,17.0204,69.8902,1738.3839,580.7958,29.5473,-23.56551054,1.775441,1.186642,128.570313
89,163,107.7685,0.2982,1.278,116.182,0.4357,1.6188,173.6527,0.0387,1.4353,320.8237,4.424,1.1428,333.8213,4.373,2.9551,382.3104,0.5927,2.6309,390.8308,3.9557,13.3405,490.5811,21.5268,42.8,1552.8297,519.5021,42.3244,-23.13403466,1.791372,1.217846,133.454956
90,164,96.3472,0.1479,1.479,109.2139,0.1874,1.3998,170.7095,0.169,0.9016,286.0446,1.196,0.4677,330.0063,1.3784,3.6706,359.6981,4.1739,0.7333,399.2805,3.6921,2.3806,463.5511,23.3208,36.1966,1769.4895,575.2518,18.4436,-17.45011183,1.76513,1.184163,142.749313
91,165,105.5286,0.2755,1.4853,113.9497,0.225,1.2575,173.4841,0.1996,1.5365,325.0514,3.5,0.9131,357.0612,1.3256,0.7982,369.0826,2.4597,2.5521,409.6882,2.8047,3.5536,544.5298,29.6844,13.885,1673.558,462.3534,4.4427,-17.00727803,1.696276,1.202775,147.292603
92,168,102.121,0.0356,2.1012,106.9106,0.0145,3.2225,155.8053,2.3671,5.6494,284.1747,4.0066,3.4158,302.9773,4.0022,5.7092,362.3914,14.3943,10.7665,392.1773,4.7049,3.8994,514.3989,0.6949,231.6893,1637.6646,1024.3618,525.1705,-20.05986317,1.734163,1.193033,136.509735
93,170,84.1269,0.259,1.4724,96.8241,0.1584,1.7424,166.0726,0.0682,1.8802,280.9716,4.9236,0.2795,293.2512,4.3424,0.4001,341.5598,2.3701,0.5813,362.5853,1.4654,1.688,533.7154,35.3803,25.3936,1722.4894,491.2229,6.5666,-24.29844222,1.706096,1.197347,147.028717
94,172,89.0149,0.2275,1.7078,105.8317,0.1117,1.5908,170.9228,0.0556,1.7456,279.8697,4.807,0.2018,311.0754,0.0867,0.0942,344.3619,3.7012,0.715,389.7402,1.4454,1.9699,558.9102,32.3233,21.9924,1757.0794,479.1851,2.7353,-20.57536264,1.676001,1.195127,163.23909
95,173,78.1438,0.1274,1.8278,88.1708,0.133,1.8521,167.3578,0.1259,1.3723,259.6467,0.5721,0.1508,295.1672,4.5373,0.4592,335.5993,1.4147,1.6222,400.1282,4.887,0.9395,502.5465,28.8586,33.4003,1820.5341,572.8601,8.7963,-21.18555336,1.720972,1.181546,154.600327
96,174,113.1942,0.0403,2.3898,127.4521,0.1432,2.4722,165.1223,1.0436,0.8879,292.6464,4.1533,2.2752,373.1509,3.3259,7.5405,401.0462,3.8613,8.4296,422.7261,6.0313,15.387,547.7337,3.7473,75.4566,1557.4932,848.4423,258.6416,-19.54674825,1.741496,1.211217,142.236023
97,178,85.8059,0.3402,1.3081,100.6774,0.1337,1.5423,165.1888,0.1978,1.8513,280.5681,5.0314,0.3851,320.5352,4.2733,0.3211,367.34,0.2586,0.2275,390.4079,1.272,2.5154,558.2566,36.5316,15.083,1663.3771,409.3286,3.0301,-27.95626076,1.685118,1.208539,149.543121
98,179,63.1408,0.0881,1.406,81.8076,0.0818,1.7449,164.1438,0.2692,1.8891,231.3059,0.0271,0.611,275.3115,3.8219,0.7403,307.7257,1.9308,1.7977,354.9731,5.1122,0.8206,482.9704,29.7502,25.609,1853.0013,548.0965,11.0276,-20.59023463,1.75715,1.17586,158.421875
99,180,113.6693,0.1538,1.5244,124.5827,0.1992,1.3782,172.0573,0.2526,1.9183,297.763,4.7209,0.7924,333.9335,0.1907,0.8883,353.7783,2.803,6.5307,389.1846,3.7177,6.8839,506.2345,28.8992,18.9452,1660.9308,491.6016,10.3519,-15.67796084,1.758654,1.205358,160.426758
100,181,64.9391,0.0613,1.3229,102.5203,0.0833,1.5413,175.2675,0.1885,1.6268,245.6268,0.0619,0.1746,287.1759,4.261,0.5019,327.9326,1.1159,2.8956,384.4143,4.051,0.9818,503.1716,28.0438,21.5501,1852.9609,554.4506,7.8069,-15.78350803,1.736397,1.173876,153.38942
101,186,124.3156,0.0738,1.245,132.6372,0.0636,1.0848,172.9467,0.2337,1.5494,299.7048,3.8725,0.7009,338.6667,4.036,0.8971,395.5632,14.4626,12.8484,413.8253,1.4897,0.253,593.2321,8.3807,8.2972,1517.2566,512.5672,87.2068,-19.11884918,1.729598,1.222794,147.890396
102,187,32.1014,0.1064,1.1868,88.1801,0.1054,1.2678,160.0138,0.2428,2.0942,249.1196,0.6897,1.2991,266.9273,3.2028,0.5307,317.0953,1.1959,1.5368,366.6508,5.7898,1.0849,480.7083,22.6344,23.0993,1852.3756,484.8757,10.7708,-22.28131132,1.755969,1.176083,158.521362
103,188,121.3395,0.1123,1.2334,127.9546,0.0675,1.536,157.0588,0.2936,2.1584,279.1293,3.7208,0.5219,311.8072,1.4017,2.5664,377.1673,5.8522,1.1525,394.2552,7.9227,12.6014,547.7344,15.59,16.0617,1604.8912,550.0141,54.6435,-16.75972533,1.711411,1.211435,159.364304
104,189,-50.9001,0.0911,0.9541,64.816,0.1504,1.2647,156.1864,0.2496,1.5033,273.0733,0.3431,0.514,281.023,2.573,0.2014,320.6236,2.5756,0.6585,380.9689,5.6485,0.3462,545.8817,22.0859,18.8652,1894.2942,463.3086,3.1059,-23.62995582,1.684147,1.171098,153.22879
105,193,109.6203,0.3525,41.6706,129.5754,0.1963,47.4225,179.2696,0.1295,30.9929,302.6743,3.3666,206.1068,332.8224,6.2498,274.5966,345.5899,4.8524,156.7177,382.9629,19.8099,1200.9782,527.5312,2.4859,93.8845,1695.9117,647.2621,8199.6572,-14.56965268,1.735772,1.18638,141.164322
106,195,108.4084,0.0326,2.2941,131.5392,0.0828,0.7848,180.1574,0.1955,16.4511,283.9778,3.3181,0.3843,320.4926,0.5142,5.238,341.4253,3.5796,0.6157,401.227,1.7178,139.1285,582.2932,0.224,25.8245,1739.8311,504.3817,91.1442,-14.17927871,1.694836,1.185948,144.107224
107,202,87.2704,0.1696,1.5608,120.8341,0.0935,1.3259,173.5946,0.0547,1.7893,287.6715,0.0495,0.0629,319.5081,4.8626,0.4179,336.9269,3.6244,1.4551,390.1291,1.3637,7.8436,510.6294,29.2731,17.366,1766.6931,511.1453,6.5335,-18.80415291,1.730641,1.188342,153.53476
108,203,113.7994,0.052,1.7264,136.8986,0.0916,1.9018,170.9359,0.6318,0.6931,302.5502,3.7072,0.9791,332.1074,3.9033,3.5816,372.9237,0.8486,2.0729,395.024,12.09,26.1111,549.5133,2.204,57.1863,1574.2701,719.9524,311.107,-16.75163045,1.764588,1.209451,144.087097
109,208,84.2791,0.165,1.4872,92.1791,0.1365,1.6723,167.1029,0.151,1.6322,281.0194,0.3098,0.2102,307.7019,2.0785,1.3068,334.3562,4.7701,0.6127,378.9635,3.42,1.8082,494.3673,31.9277,26.3023,1802.4827,543.359,10.4543,-23.8076039,1.736897,1.18296,148.600891
110,209,108.9798,0.2737,1.5222,117.9512,0.3315,1.7262,171.7436,0.0589,1.4559,316.0985,4.0356,0.8231,332.8938,4.5146,1.1923,355.372,2.3298,1.5246,394.84,1.8654,6.4324,488.2701,38.4863,19.5727,1638.4859,470.8915,11.0329,-22.44132637,1.760102,1.209572,147.574661
111,214,31.7073,0.1991,1.5187,99.3579,0.138,1.2694,167.0374,0.1729,0.7837,229.1819,0.9685,0.6208,270.3333,2.5723,0.2747,316.8339,4.2814,1.6512,348.8604,4.0594,0.7475,455.3832,18.4211,74.0631,1823.5407,658.132,44.8538,-20.75119094,1.785145,1.174786,136.573273
112,215,104.4287,0.3252,1.74,125.2309,0.2719,1.2941,174.0767,0.0991,1.6964,288.3802,5.313,1.1143,324.1037,4.1132,0.4539,366.0417,2.8256,0.8354,384.8043,4.5615,12.0505,481.556,29.7914,20.5042,1585.2825,459.3005,26.2982,-24.79141408,1.799373,1.216593,143.087585
113,217,82.7676,0.2024,1.3293,119.9351,0.2707,1.0684,172.6968,0.2399,2.2771,292.1068,4.3867,0.5466,318.7659,3.7978,0.3571,357.2484,1.5466,0.1132,406.9012,1.2153,5.7036,577.5337,30.7113,9.5264,1664.239,399.8392,1.8567,-25.46856012,1.690891,1.208164,153.444565
114,220,-34.6988,0.1874,1.2342,98.5831,0.4181,1.3936,159.6557,0.0911,0.9353,216.3261,0.325,0.2889,291.7173,1.8594,0.7192,316.9815,6.1474,0.4889,360.9975,7.6528,0.7163,476.8672,22.1575,32.8467,1766.2542,506.3674,25.1091,-24.65129109,1.787396,1.185766,128.044067
115,221,102.0262,0.0692,1.5663,149.1108,0.1227,2.6013,174.9689,0.4908,0.6074,318.4694,4.0891,1.3991,348.1123,3.5319,5.387,405.9598,1.1486,0.7479,428.375,7.8112,30.4271,538.3261,4.7899,40.908,1530.2714,698.3614,403.4712,-16.42036792,1.771188,1.213257,133.661697
116,223,79.0977,0.2251,1.3114,126.9815,0.0461,1.2606,180.7722,0.0657,1.1244,275.3539,3.8813,0.1116,288.8024,2.0714,0.185,320.7221,3.3164,0.2446,366.3023,0.2861,3.9855,581.1697,27.7206,17.9254,1776.1323,429.4537,1.8904,-11.58433661,1.659331,1.190822,165.269745
117,224,36.0648,0.0341,1.2158,86.7921,0.0322,1.3797,176.6748,0.1056,1.2476,225.432,0.4045,0.1748,286.1928,0.0428,1.8896,316.6626,4.7761,0.3567,339.8656,3.4831,0.3949,568.7377,21.818,19.9394,1883.3295,479.5464,2.3409,-11.02453494,1.674144,1.174031,170.741455
118,225,91.1769,0.0922,1.3308,104.2062,0.0639,1.3503,173.9867,0.0705,1.1934,288.9502,0.4548,0.1968,309.2509,0.7355,1.3574,336.1425,3.6509,0.338,346.6181,4.4271,0.4504,537.9584,26.6522,19.176,1793.7034,439.2017,2.9359,-16.59525496,1.699702,1.187186,163.609497
119,232,100.3114,0.3207,1.541,122.1005,0.1353,1.4285,168.247,0.0196,1.3033,312.6736,4.6981,0.528,342.9787,4.2502,0.7341,360.0529,1.1689,1.4467,387.4067,1.0151,7.0544,485.4492,29.8711,30.2512,1661.1752,484.6841,11.9543,-19.9326669,1.747796,1.204932,150.705215
120,233,77.0936,0.107,1.256,86.5224,0.1622,1.6081,161.6638,0.0589,1.0985,284.2472,0.7047,0.2315,299.5053,2.2809,1.1888,331.3172,4.4255,0.5846,342.4076,3.0998,1.9786,455.8429,26.3427,42.6836,1806.0788,560.6548,19.2179,-20.61615079,1.766819,1.18122,151.002533
121,234,95.0118,0.3803,1.247,108.2439,0.143,1.2004,166.5787,0.0299,1.6313,304.7231,4.9266,0.3985,328.139,3.9314,0.2875,382.9401,0.7602,0.2164,388.9007,0.8529,3.784,536.6144,30.6354,18.922,1652.8426,410.128,3.9584,-25.02315352,1.705784,1.208391,148.350952
122,239,43.5444,0.1843,1.3213,129.2227,0.2613,1.1999,186.5306,0.0732,0.7274,256.689,0.31,0.9279,342.4409,3.8003,1.1085,356.4468,1.7965,6.4299,433.7336,4.1879,8.9204,439.979,24.5723,32.9472,1782.7285,616.8602,30.3086,-15.5274212,1.784674,1.180242,136.860535
123,243,77.3425,0.1893,1.422,93.1149,0.1854,1.5074,164.5057,0.2313,1.6804,266.6216,3.185,0.3878,276.8344,2.7268,0.212,315.2118,3.3319,0.2309,348.8549,3.1265,1.5263,506.2107,30.8805,26.9993,1778.4277,508.3412,11.3146,-25.70431562,1.734566,1.185344,139.176682
124,245,76.7234,0.2265,1.4588,90.6075,0.1353,1.8848,162.3094,0.301,1.7833,250.0126,3.3958,0.2037,278.1251,1.6292,0.313,310.1149,2.8486,0.48,353.265,7.5231,0.814,493.0563,35.0474,21.0204,1774.1493,473.3054,10.2855,-31.60636093,1.745478,1.188972,145.168594
125,246,81.1519,0.3454,1.3302,101.7805,0.2119,1.6248,164.4818,0.1398,2.2813,258.1499,4.9191,0.1251,320.5902,4.0888,0.2971,342.7742,0.8962,0.6794,404.2941,2.6501,1.3885,554.4839,38.2293,13.5657,1705.446,404.5683,2.6745,-31.76556022,1.681422,1.203646,153.228912
126,247,64.302,0.1967,1.3728,77.7988,0.1105,1.6007,157.8948,0.194,2.1841,259.8507,0.7191,0.2464,277.3135,3.8808,0.0898,334.7794,2.093,0.4909,403.2249,4.2817,0.8812,566.5967,30.0999,18.378,1856.713,485.0495,2.7176,-26.25344963,1.661697,1.179652,159.922485
127,248,89.8227,0.2425,1.4139,103.409,0.1387,1.6463,163.5604,0.0256,2.1651,298.5418,0.3305,0.4153,315.2827,3.9371,0.158,365.9152,1.7833,1.6131,414.6832,3.2808,2.1765,552.9235,31.2167,19.7786,1777.5074,488.7088,4.2152,-22.06783242,1.678841,1.190525,160.486816
128,249,102.6293,0.2133,1.5236,110.7786,0.2012,1.7339,168.2534,0.0363,1.8174,317.6288,0.2563,0.2922,345.7185,2.6482,1.1112,355.2852,3.0287,1.8714,400.8925,3.4174,4.1046,497.9472,32.4601,18.7693,1729.4389,511.274,8.5149,-22.54298299,1.735579,1.195047,152.727051
129,250,102.3452,0.2645,1.4862,108.162,0.2863,1.6816,167.4573,0.0227,1.4886,323.0457,1.6666,0.1856,334.7731,2.0163,2.628,351.7967,4.4555,0.5506,389.7313,2.4446,4.9688,467.0996,29.5243,27.0791,1695.9293,528.9776,17.7804,-23.13303065,1.769761,1.198002,142.996124
130,251,92.0001,0.3284,1.4041,98.1189,0.2551,1.6107,169.7924,0.0441,1.3271,310.1924,3.4013,1.1413,324.2976,1.8213,0.3463,354.3752,4.616,1.6038,376.3039,2.1386,2.1859,490.9186,21.2657,44.899,1695.5959,548.8014,19.0274,-22.22514918,1.753638,1.196093,136.276276
131,252,97.5594,1.0109,106.1524,99.9169,0.0282,9.8198,178.0727,0.0243,139.1206,287.3157,4.4721,33.8531,345.7625,2.3471,1.2523,386.3166,14.9565,1611.6178,420.0779,12.3381,965.9877,569.3313,21.837,1447.5166,1656.703,870.3433,21085.0334,-15.76631425,1.690846,1.189836,133.551392
132,255,78.1457,0.5942,1.384,100.0733,0.2024,1.26,163.5786,0.1287,1.198,284.2449,3.0896,1.7137,331.427,3.246,0.267,354.0841,1.5121,1.7179,372.2779,2.3129,0.9667,502.2164,29.2592,43.1646,1620.5822,479.4888,26.7079,-27.09098722,1.767772,1.209205,133.464798
133,256,91.7402,0.3415,1.4326,95.6034,0.2428,1.5815,165.0298,0.0634,0.9295,294.2273,1.8955,1.3452,310.9977,1.0116,0.3521,355.5246,4.4693,0.5912,361.6084,3.7461,1.4261,456.1757,23.3295,56.0367,1702.3678,563.7681,36.2642,-24.62487292,1.792754,1.194899,136.593765
134,257,122.4395,0.0472,1.8357,128.1049,0.0484,2.4972,165.1101,2.2345,2.2357,327.8205,3.3303,3.1127,340.5467,3.3893,8.2933,375.4445,11.3512,1.4549,402.9298,4.9105,2.5583,552.5476,1.1482,127.1485,1574.8567,971.4367,666.4411,-16.8737439,1.744568,1.202715,141.304184
135,260,61.1972,0.1356,1.3442,82.3565,0.1282,1.3968,164.491,0.1437,1.2331,261.2503,1.0422,0.3211,294.2594,2.4344,0.3579,326.3572,3.5757,0.4356,358.8579,4.829,0.6264,522.8163,26.3507,20.6314,1824.2658,484.6845,4.4974,-20.32887671,1.697254,1.180272,147.554459
136,262,102.3721,0.0034,2.5138,122.7549,0.0443,2.0633,165.0957,0.6789,58.6565,281.7715,3.1491,0.5962,289.4589,1.3145,8.0596,325.2515,2.8182,17.4573,360.1101,0.9478,131.9942,460.5435,12.0333,0.4493,1691.2139,1099.3777,3861.2055,-13.26342787,1.798394,1.180752,141.804688
137,263,112.4085,0.0408,1.3728,132.6751,0.0141,1.1513,168.4644,0.3818,0.949,292.7245,4.4602,1.9999,310.8095,4.1152,1.0201,393.4149,0.669,0.1946,418.0117,9.8847,14.7297,576.6377,4.298,40.9144,1551.9207,629.0321,151.6837,-19.03444908,1.725274,1.212283,140.578827
138,267,111.3266,0.0609,1.9064,151.837,0.3887,2.2332,185.9048,0.7435,0.2296,325.3584,2.5088,2.1942,344.8979,3.6996,12.6138,381.3047,2.2573,31.5573,396.2238,8.8946,21.8497,544.4971,0.8653,66.4344,1555.7563,748.8541,561.6998,-13.75263466,1.788212,1.208059,139.324493
139,268,75.968,0.0958,1.3919,126.3808,0.2015,1.3901,168.3889,0.0472,0.7034,248.5581,0.188,0.1591,322.6829,3.3328,1.8168,335.2541,4.5831,0.5674,382.4149,3.3248,2.2346,419.4695,28.065,27.1271,1766.6959,508.6233,16.5224,-20.03074671,1.80836,1.185915,142.970993
140,269,117.4029,0.0225,1.4972,144.0472,0.1305,1.8815,172.9323,0.7264,0.6432,306.9805,2.6504,1.0804,341.436,3.8321,4.5607,356.2404,2.1154,0.5626,405.9668,10.8192,22.278,567.3504,1.0934,53.592,1584.6065,706.2753,267.8332,-15.73230321,1.743036,1.206266,146.250885
141,273,91.9231,0.2031,1.3281,104.4705,0.3671,1.2871,170.1146,0.0532,1.3286,298.3462,4.1736,1.0636,305.5253,1.8232,0.3956,334.06,4.1213,0.799,375.1036,1.7055,2.7126,496.9897,26.9596,29.9069,1667.2259,462.7967,18.5463,-25.26775692,1.762396,1.202863,137.975525
142,274,85.3624,0.2058,1.3731,104.7436,0.3392,1.3706,169.5607,0.0995,1.2334,294.4504,2.704,2.0173,295.6227,1.0026,0.2736,342.4737,4.7125,1.0543,371.933,2.7369,1.7618,471.3384,25.4183,36.713,1703.4696,510.0072,26.1921,-26.05772926,1.784937,1.196419,137.978989
143,275,113.3819,0.088,1.7136,126.1977,0.0796,1.7696,167.9667,1.6073,0.5582,332.7164,3.153,4.2235,340.1579,2.4307,1.2676,397.1206,1.5262,5.0817,405.7182,12.6126,9.4206,554.7498,3.7313,44.1994,1592.4072,800.4055,299.5678,-19.76167042,1.738578,1.203868,139.657089
144,280,98.2587,0.1515,1.5558,104.485,0.2649,1.5303,170.4936,0.0406,1.5152,298.8171,4.205,0.5609,314.1035,3.5756,0.3563,345.217,1.6346,0.3392,378.5307,0.7765,4.1239,505.3486,30.8838,34.9553,1707.2729,527.5185,11.2496,-20.66164526,1.732462,1.195984,141.99733
145,281,83.9851,0.1085,1.5473,95.7957,0.1409,1.4752,170.9389,0.0653,1.7235,292.9408,3.5297,0.4186,306.8315,2.5575,0.1496,328.5512,2.9872,0.3344,367.3158,0.8465,2.4161,541.2073,31.07,24.4836,1793.2672,524.3852,4.513,-19.64507906,1.691074,1.18489,149.468506
146,282,82.4064,0.1496,1.5398,97.539,0.1472,1.484,171.1625,0.0134,1.723,312.362,1.597,0.2814,321.2902,2.3088,0.292,335.8185,4.4974,0.2815,374.2432,0.9068,2.2256,575.3263,29.8746,18.5184,1770.6367,500.083,2.5316,-20.32755894,1.658694,1.190517,154.300049
147,283,59.5593,0.122,1.5228,86.5746,0.1132,1.645,172.3841,0.0325,1.5823,264.3833,0.013,0.0696,300.1447,2.4964,0.7065,329.1257,5.4821,0.2848,358.9863,2.8259,1.026,546.7488,31.3262,18.8371,1841.5623,513.3191,3.9111,-23.69364808,1.68555,1.180013,154.049332
148,284,108.9945,0.0853,1.8229,123.0336,0.066,1.6845,164.7959,0.2183,1.7591,309.088,2.4142,1.0425,311.8163,2.8219,0.8066,355.641,3.908,0.6284,417.3343,8.0033,9.754,551.4445,9.3627,17.0733,1653.3306,635.9066,39.8737,-20.73506393,1.716101,1.202641,150.494598
149,285,92.6472,0.1318,1.9873,117.1792,0.0695,1.9038,157.279,0.3155,1.1271,269.6771,0.5511,0.2695,308.6277,3.8958,1.7083,356.0414,4.3912,0.9099,407.0893,7.7454,10.2365,510.007,6.2265,37.3041,1741.3941,746.9908,109.8371,-20.7955559,1.74422,1.186069,147.008789
150,287,45.9012,0.2753,1.4675,88.8561,0.1837,1.5251,155.9162,0.1796,1.7348,268.878,0.0985,0.1585,314.8386,2.8951,0.842,327.6631,4.6269,0.2522,386.4838,7.3413,1.2223,531.3363,28.8585,15.7015,1809.2737,493.001,4.8611,-29.61225965,1.688916,1.183414,143.606491
151,291,94.5011,0.2687,1.3792,115.4612,0.2186,1.5145,171.2567,0.1486,1.3312,285.6669,0.6593,0.3867,319.6176,1.3046,3.4981,350.1995,4.3012,0.4204,388.3368,2.8033,3.2033,470.4099,18.0458,42.3076,1772.7771,562.4224,13.8907,-20.10611066,1.764292,1.182389,139.610718
152,296,97.0256,0.2374,1.1149,119.6523,0.4198,1.0052,177.3242,0.1762,1.0883,298.9283,3.2635,0.7686,317.3264,4.801,0.3893,347.0117,1.0906,0.4586,399.283,1.1786,5.9703,509.3931,24.4124,24.5352,1642.5739,435.0736,13.0109,-22.70644935,1.750213,1.204656,134.911133
153,297,84.5744,0.1875,1.1307,109.339,0.2541,1.1136,172.8493,0.0813,1.359,280.6348,1.2355,0.265,315.2697,3.3228,0.8859,337.1379,3.49,0.6436,393.5608,2.1502,3.4536,495.7308,25.1021,20.2204,1751.0563,474.7355,7.8486,-22.09036003,1.731031,1.188172,138.903412
154,301,93.9437,0.2145,1.2766,100.1442,0.2648,1.3568,165.0192,0.0687,1.302,325.6319,0.9155,0.0891,331.7594,2.1903,1.7333,357.9215,3.3673,1.4673,379.2752,3.2265,2.2885,476.5267,23.961,36.133,1718.2398,514.111,14.7283,-21.6430709,1.75161,1.193907,143.498764
155,306,88.1288,0.1663,1.1814,102.0322,0.1856,1.3037,169.9508,0.1306,1.3107,303.6739,2.5815,0.612,305.8969,2.3773,0.3857,332.8182,3.665,0.1908,374.5044,1.7768,2.4116,523.6183,30.8528,19.0591,1754.9894,465.7501,5.1679,-20.4979279,1.705477,1.189459,143.575928
156,307,98.3598,0.1718,1.3037,113.9598,0.2017,1.4805,171.733,0.1204,1.1687,306.4608,2.2144,0.305,319.0165,3.1353,1.1533,328.7039,3.5104,0.1845,380.0646,1.5631,3.8425,492.9396,34.934,22.0515,1722.6993,476.9821,8.3549,-19.28833963,1.739887,1.19444,145.918579
157,308,91.8556,0.1455,1.3466,108.9505,0.1364,1.6076,170.8856,0.2135,1.0439,288.7505,0.9653,0.2808,302.6852,3.4937,0.8917,312.8813,4.2797,0.3408,363.3147,2.4735,1.7163,480.1654,34.3357,24.0211,1762.0776,485.425,8.9512,-18.98631907,1.746517,1.188728,147.179779
158,309,95.4152,0.1618,1.3669,110.0131,0.2132,1.5706,172.2162,0.1541,1.0614,318.9805,1.5317,0.9507,323.2097,3.7624,0.2355,336.0824,3.2421,0.194,382.7533,2.267,2.6897,512.4027,33.2364,20.5873,1738.1172,477.6725,4.2278,-16.65329964,1.703401,1.19275,147.992188
159,310,89.2922,0.0456,1.0575,107.6404,0.0827,0.976,177.6308,0.1331,4.8493,267.7679,0.1977,0.2682,328.5807,2.967,0.5869,353.7403,3.8791,0.1622,464.317,3.0196,5.1711,604.0884,3.1059,9.4,1806.6334,604.3047,55.7293,-13.39275768,1.665921,1.176787,147.287262
160,312,68.9804,0.2172,1.431,78.5544,0.184,1.6125,164.2516,0.1621,1.2211,272.3949,0.6798,0.1662,291.8591,1.981,0.4646,320.8808,5.8755,0.2818,343.4646,6.1853,1.1767,509.6542,28.2896,21.5361,1798.9975,498.2764,5.5312,-23.73424798,1.712419,1.184139,143.561691
161,313,111.5948,0.0394,1.8668,123.3279,0.049,2.5813,162.2132,0.5849,1.1882,311.4316,4.3055,0.5253,320.5247,4.0674,3.2643,379.0188,2.8279,0.2913,412.4732,6.9104,24.6067,537.9799,3.4117,53.9485,1595.1142,735.9302,170.9833,-21.50344993,1.745603,1.206854,143.954025
162,314,76.0667,0.1732,1.5383,92.7403,0.1767,1.7142,158.7831,0.2892,1.6635,259.8594,0.6645,0.271,290.379,2.3837,0.5941,309.6566,5.3736,0.2874,353.7175,5.7732,0.8319,479.7109,34.4606,23.2601,1780.4463,490.2196,11.3071,-28.78576623,1.755366,1.187882,146.465042
163,316,47.3549,0.2021,1.4336,84.8481,0.1055,1.5495,158.146,0.5856,2.0889,234.2516,0.1087,0.0977,294.5894,4.687,0.2767,318.0317,3.532,0.5791,397.9137,3.4008,1.4186,562.6476,31.3989,17.3154,1848.5928,497.5839,2.8822,-28.61690329,1.674935,1.179602,153.373199
164,318,78.4585,0.1443,1.4703,108.8792,0.1542,1.3172,167.2868,0.0694,2.3308,273.58,1.5792,0.1139,303.315,4.2749,0.4383,314.3109,3.423,0.5803,390.0153,1.3719,4.1732,517.2579,32.781,15.5858,1780.0057,487.3916,6.1737,-26.88792499,1.72746,1.187457,148.861771
165,319,98.1935,0.1793,1.588,120.1326,0.3094,1.2923,175.4503,0.0033,1.7418,314.0955,3.8732,0.3589,329.2429,3.9593,1.4937,348.8019,1.3575,0.7698,401.0832,2.9322,10.0017,502.031,30.3799,21.6371,1658.2929,498.7855,14.392,-23.65028714,1.758785,1.204371,143.63974
166,320,79.8121,0.1141,1.4431,107.3515,0.2411,1.3747,174.8599,0.0138,1.3135,301.1827,0.2763,0.8283,315.8899,3.3425,1.1664,350.0306,4.3394,1.1209,385.6225,1.9436,4.3202,482.158,22.4812,47.7965,1752.2375,590.7647,19.2214,-20.69101273,1.758741,1.186886,139.778839
167,325,118.5177,0.5516,7.1273,137.5268,0.1925,2.8025,168.4748,5.3651,42.0572,330.1567,4.7329,2.2144,335.8013,2.3728,38.2779,378.8948,13.2259,10.222,407.1598,1.877,0.9133,522.5804,1.4526,589.0154,1519.297,1321.3483,2235.916,-15.28369631,1.771892,1.202786,135.372955
168,326,91.3126,0.2389,1.5051,110.3483,0.2555,1.3141,168.1771,0.0947,1.2392,312.7788,0.3034,0.7258,337.2957,1.473,2.1498,366.1051,4.6891,0.3088,402.4321,3.2553,2.1076,479.1375,25.9808,23.1742,1738.5541,514.9442,8.3079,-22.76869834,1.740675,1.191098,142.618958
169,327,92.9775,0.1993,1.3731,107.1557,0.2492,1.1659,166.2297,0.0547,1.9494,335.0769,1.0197,0.1941,340.1325,2.9329,1.0673,365.6305,3.0719,0.2764,403.4682,1.643,3.2559,545.1477,26.8205,12.246,1727.3983,461.8906,2.4723,-23.64037248,1.681778,1.195451,148.646255
170,329,86.4211,0.2154,1.3944,98.7282,0.2313,1.2618,160.4087,0.0077,1.871,316.0433,2.1798,0.2359,325.0655,2.6782,0.463,358.9497,3.7054,0.3066,390.2064,1.2676,3.3246,538.6803,29.1962,14.7634,1747.6638,474.4822,3.6882,-25.98989543,1.691562,1.192848,148.212646
171,330,107.3464,0.1024,1.5585,119.8095,0.0949,1.6469,157.0019,0.1642,1.493,306.5284,2.9575,1.4987,312.4624,3.4568,0.9271,375.7897,1.8407,1.8175,400.4822,9.7793,11.6162,523.0583,7.084,25.6795,1656.7001,669.7211,127.3061,-22.09983543,1.749342,1.198983,143.457916
172,332,81.0448,0.3068,1.3136,104.5788,0.1733,1.315,161.5451,0.102,1.7482,290.2757,4.2818,0.5012,299.0368,2.685,0.2195,332.4547,2.9445,0.1927,374.9058,1.57,2.0702,518.7792,35.904,12.4942,1717.727,407.4062,3.7018,-29.0692125,1.718686,1.198484,144.989807
173,335,75.9205,0.2041,1.3272,135.2512,0.1676,1.1699,181.3517,0.1144,1.1364,273.0024,0.485,0.3188,337.1952,4.781,0.2773,343.4734,3.5956,1.7265,394.0736,1.3547,4.7354,494.9661,32.3776,19.8871,1760.7603,469.4163,7.2,-14.86746893,1.718145,1.187703,145.268921
174,336,109.8456,0.0439,2.5645,160.3092,0.8638,4.7921,191.2734,1.6386,2.0609,336.5017,2.3202,2.7673,349.6598,3.3112,16.0549,388.4862,4.4325,13.267,405.955,5.4013,77.5709,548.6566,0.2242,181.1097,1532.1857,1032.3894,1431.4617,-11.05754196,1.772133,1.203379,136.876144
175,337,91.866,0.0441,1.4211,157.668,0.3132,45.438,193.7005,0.0409,42.5675,325.4702,1.2957,0.1642,346.8707,16.5196,410.6265,372.2483,2.2028,50.5783,383.1746,11.6611,472.6894,498.774,1.2364,106.9852,1659.3035,680.3679,15224.8662,-9.679216248,1.787272,1.189689,130.223007
176,341,86.3932,0.2363,1.2169,96.395,0.1932,1.4505,164.3823,0.2764,1.0698,281.0643,1.7968,0.6279,286.5934,2.2622,0.5597,333.7519,2.8766,0.6122,355.3922,6.0237,0.7702,499.7729,30.2766,23.0331,1744.2565,464.7237,9.1605,-23.08151208,1.740957,1.191081,139.697235
177,342,102.6988,0.208,1.3184,110.5134,0.2792,1.4935,165.9461,0.1516,1.123,288.7235,3.9905,0.8378,317.0285,2.6995,0.4726,338.5636,2.7259,1.7188,375.932,2.6673,2.1579,469.9274,33.765,22.0652,1667.3819,447.6812,11.3962,-23.97012899,1.783752,1.20381,143.399261
178,343,94.5008,0.157,1.3969,101.1118,0.1887,1.521,165.1914,0.114,1.2721,282.4437,0.9674,1.4887,304.0738,1.9743,2.0743,330.2185,4.7895,1.0162,369.8347,3.9926,1.197,464.9478,29.2178,24.1566,1752.7999,507.2742,10.5287,-22.06143182,1.779283,1.190288,147.900421
179,344,97.5556,0.2731,1.3986,100.4508,0.1867,1.3556,165.9273,0.0559,1.5333,322.0223,2.2408,0.5699,332.7653,1.6911,1.5184,350.4147,4.2717,0.6713,380.2491,2.3282,2.75,529.7357,30.0023,18.797,1715.5373,464.6025,4.3479,-22.04216726,1.712977,1.198361,151.05452
180,345,64.2505,0.1238,1.2667,72.7151,0.1821,1.3583,161.0786,0.1463,1.7154,276.9763,1.2634,0.2527,304.4077,2.1228,0.5021,327.7988,4.7206,0.2823,355.6628,2.7513,1.0374,562.4197,26.653,17.4345,1822.4971,480.3787,2.0784,-23.13811348,1.672629,1.182417,150.837082
181,348,111.9789,2.72,27.7831,117.104,0.2425,27.2328,133.0244,21.8445,512.6137,305.3108,4.5161,99.1943,310.2773,13.8917,131.2896,336.9726,30.2011,306.095,391.1134,4.8938,526.0482,479.8393,25.5199,1212.8786,1523.2191,1687.6957,101741.8759,-14.30459246,1.771882,1.197883,136.962204
182,349,104.6335,0.1456,1.6423,116.9723,0.0212,7.1304,168.6623,0.6102,260.8256,290.2252,3.5467,16.1375,299.1297,3.3712,0.9611,347.7192,1.5448,70.5969,394.6263,3.3123,670.2871,495.6421,7.6754,11.3913,1681.5068,864.1776,13950.4044,-11.92212524,1.756523,1.187664,138.981781
183,350,107.4826,0.0246,2.6971,124.563,0.0279,2.5473,176.0871,0.0418,37.4503,299.1313,1.9626,4.8413,315.1863,3.8631,0.239,341.4545,2.6386,4.9815,424.0317,3.2472,289.9147,590.8733,0.1534,169.0731,1705.7756,638.1242,642.4698,-13.55829482,1.684996,1.191248,146.235611
184,352,79.6669,0.1806,1.3906,118.2571,0.1165,1.4567,174.3097,0.1153,1.5737,292.0029,1.082,0.2015,303.2835,4.4736,0.163,322.3511,4.3565,0.6329,399.9837,0.838,3.3978,550.9211,34.5624,16.3525,1765.0863,453.4819,3.7238,-21.29499111,1.683187,1.19088,152.538742
185,353,105.3177,0.0383,1.6107,140.8687,0.081,1.6632,172.5477,0.2514,1.0699,293.7703,2.9968,1.215,336.4573,4.2502,1.5776,350.1192,2.1424,2.9786,414.1358,11.9712,10.4009,544.4303,5.6452,22.4322,1646.3904,609.0317,99.2738,-18.56224781,1.75006,1.201195,144.926682
186,354,101.3383,0.0677,2.0631,139.082,0.1234,2.1168,172.9879,0.7269,0.8336,314.481,3.3542,1.1049,345.417,3.5195,12.1382,378.07,1.9155,13.6479,405.9295,9.2619,26.5237,514.6349,2.5599,51.0442,1618.988,762.0586,360.6345,-19.53388429,1.790654,1.200674,136.692001
187,355,65.0897,0.2561,1.4504,118.8368,0.4958,1.0868,172.2498,0.2698,1.5984,276.9188,1.468,0.1594,307.9094,4.9827,0.9279,316.3357,2.8134,0.851,390.6429,3.8941,2.4471,503.0204,34.4527,19.3339,1677.8867,428.7569,16.2891,-29.89463915,1.761389,1.201579,132.466278
188,358,81.9513,0.1853,1.498,128.4964,0.2186,0.9731,180.8684,0.0875,2.1393,303.6643,2.334,0.4133,311.5839,3.9853,0.5653,338.2972,2.1692,0.2957,404.8831,1.7791,5.4004,536.9127,28.7704,13.6181,1732.657,465.1546,6.4515,-23.58075903,1.716815,1.193259,145.077835
189,359,103.5228,0.1683,1.7146,133.2804,0.1789,1.1301,177.2662,0.1068,1.7015,296.3028,3.1499,1.5498,306.14,4.2297,0.2671,329.403,1.4674,0.8058,377.133,5.1358,11.2012,469.8692,24.9109,27.0283,1693.7653,527.2184,26.492,-20.20764178,1.794739,1.197443,146.948792
190,360,108.1789,0.1347,1.7955,130.4402,0.1509,1.3012,172.4914,0.1461,0.8621,299.8579,3.5214,4.1824,308.8781,0.5506,1.2657,336.1842,3.7756,3.3056,367.3929,7.064,18.9382,434.2979,15.1922,81.0088,1712.3421,631.5241,130.9268,-17.62989345,1.823788,1.191603,146.5401
191,361,109.5279,0.2052,1.6398,126.261,0.2554,1.2872,171.6369,0.1014,1.6023,320.8679,3.6623,2.4042,336.3609,0.841,1.3256,360.6635,2.8247,1.3921,389.7463,4.0645,11.043,473.1305,21.3638,30.5727,1697.2189,556.6268,19.8125,-19.52058108,1.773531,1.195082,143.868332
192,366,111.6913,0.1973,4.909,123.6873,0.2215,3.0194,151.4597,4.8043,1.9185,324.8195,2.5965,46.3656,336.2907,2.2686,29.0891,348.3843,10.0066,39.2129,385.6599,1.8065,56.4859,481.5131,4.2047,357.6295,1552.0742,1380.0875,467.5467,-18.44220515,1.793689,1.200602,141.873993
193,367,89.3656,0.3593,1.7543,103.7296,0.1557,1.3969,163.7675,0.1746,1.1414,306.5582,0.9148,1.5189,328.9279,1.8735,0.312,356.4382,5.1129,0.8205,366.8523,4.4397,0.6978,481.081,30.0619,33.869,1711.5325,489.9093,14.5055,-24.4917153,1.75105,1.198371,150.180756
194,368,73.0888,0.2452,1.5044,85.5785,0.1295,1.2467,164.223,0.1645,1.3937,293.3825,0.91,0.7494,315.3066,2.3364,0.1391,335.5401,3.6464,0.423,350.3432,4.8699,0.6778,548.7621,28.4533,23.1147,1800.4989,470.9152,3.9863,-22.11106786,1.685129,1.186733,155.438705
195,370,77.9829,0.1822,1.3944,86.6947,0.0837,1.3511,166.6183,0.2582,1.5627,290.3,4.5729,0.4935,296.2531,0.8375,0.173,335.4982,3.1837,0.1502,352.7474,2.1237,0.9489,563.1874,30.0856,16.7549,1798.0069,446.943,1.9466,-23.7766049,1.674896,1.187311,154.075668
196,371,113.7353,0.0988,1.5423,116.9831,0.0726,2.1659,162.9925,0.7049,1.1812,297.1199,0.7075,0.8553,316.8437,3.6953,3.2668,366.7381,3.5411,0.7318,402.0835,9.5173,16.4479,522.9562,6.2086,31.2391,1660.5559,660.0802,86.0358,-18.46724279,1.759617,1.199583,148.121948
197,372,96.1368,0.2517,1.3238,101.3955,0.1999,1.8636,163.4601,0.2447,0.8816,285.3472,0.3906,0.7323,292.1456,1.9431,1.023,336.1765,4.8162,0.6555,366.4104,6.0236,0.6364,446.1966,32.32,27.9364,1715.9393,485.9072,16.4454,-25.22125843,1.796724,1.19633,143.613785
198,373,95.5414,0.27,1.2302,101.7139,0.2808,1.5875,165.0433,0.1297,1.2141,301.7854,2.3753,0.9861,320.6051,1.0511,0.4048,350.0798,4.2398,0.292,374.0301,4.0095,2.2056,495.1225,33.042,21.909,1704.6312,458.5355,8.7101,-24.80810584,1.743486,1.198048,141.712891
199,377,86.8302,0.2094,1.3438,126.5369,0.2421,0.9971,190.8391,0.0718,0.4455,304.5249,0.4196,4.6752,319.5199,4.9683,0.9616,350.185,3.9948,0.9729,391.6627,5.373,25.8339,450.3537,11.5966,40.3104,1688.774,584.1416,56.7082,-17.54285781,1.822645,1.193433,134.837891
200,378,93.1395,0.1572,1.3401,135.069,0.2262,0.9456,200.563,0.127,0.2293,305.4764,1.0893,1.6723,318.0963,5.0594,1.6554,336.1642,3.7087,3.471,385.394,8.8516,26.9179,463.6055,13.2383,37.5965,1673.2984,548.6826,74.8146,-14.16817178,1.828835,1.196528,138.516068
201,379,84.087,0.1567,1.2617,134.7195,0.2783,0.8583,202.669,0.2813,1.1,295.1469,2.3015,0.4889,312.6687,3.1206,0.1266,325.0705,3.6146,1.7476,401.6443,3.6785,12.2675,507.9925,26.5022,12.8694,1716.0139,467.1879,9.6267,-14.35667579,1.760133,1.192502,143.713562
202,383,81.7955,0.1974,1.3569,101.6223,0.3135,1.7082,165.0045,0.0836,1.0873,280.0823,3.5917,0.5937,289.601,0.8697,0.1713,329.4311,4.6824,0.3203,342.7502,3.8941,1.0117,483.7768,26.5388,36.2859,1720.1765,485.5696,19.8583,-25.59745067,1.768367,1.193683,135.611954
203,384,97.3094,0.2519,1.3973,105.2022,0.3438,1.7088,164.9,0.0874,1.1836,303.3168,3.1466,1.0116,323.3577,1.3336,0.2034,350.6494,4.2626,0.4689,369.6333,3.0895,1.7309,481.1986,30.8719,29.6326,1677.2649,461.1041,14.7953,-26.3582438,1.761617,1.202288,141.411835
204,386,77.8759,0.2285,1.3695,83.8951,0.1277,1.2454,156.1992,0.1927,1.9157,300.2976,0.3036,0.4277,315.9395,4.162,0.3113,337.4342,3.3197,0.3205,364.6608,1.9623,0.9561,572.3835,25.8118,19.2466,1815.0422,468.7835,2.1747,-20.37587721,1.658048,1.185336,161.3694
205,387,76.2349,0.1642,1.4195,82.8357,0.0911,1.2885,161.0739,0.1838,1.866,298.2948,0.1356,0.4536,307.6536,4.4506,0.2054,334.0684,3.3111,0.413,363.1301,1.6353,1.1977,567.0425,25.3017,21.7597,1833.2733,493.7913,2.1066,-19.57222515,1.664871,1.18149,160.69574
206,389,94.2781,0.2612,1.6637,101.9788,0.2777,1.5709,163.8165,0.0358,1.0669,293.3362,3.0321,0.1894,320.5726,1.8906,1.5065,341.9986,2.914,1.2903,375.0732,3.6779,1.9317,470.977,31.1277,32.7525,1709.7381,528.6272,16.9934,-23.57988052,1.765656,1.195751,140.506134
207,394,93.4993,0.1827,1.7294,94.8716,0.2266,1.6092,169.0334,0.1511,1.3021,302.5724,2.9325,0.5134,311.4278,0.6904,0.5212,329.8489,4.2703,0.3668,371.0689,3.7431,0.666,511.317,32.6957,25.2044,1746.4116,484.4268,5.9565,-24.93963194,1.719411,1.194622,151.4245
208,396,93.0933,0.2342,1.9785,104.8592,0.2002,1.6659,168.1373,0.1342,1.2767,278.5182,0.1515,0.195,318.2416,2.4585,0.5691,323.9831,4.3591,0.2106,364.1643,4.9414,0.3239,459.473,31.2892,31.1727,1752.0197,505.7007,10.3116,-25.12355512,1.759166,1.194422,160.912521
209,397,69.3296,0.3164,1.7104,95.4247,0.1745,1.4928,165.9031,0.0924,1.3354,258.1637,0.1904,0.0686,295.6506,5.1754,0.198,333.1594,2.5139,0.2483,369.0606,6.5293,0.927,532.7529,30.8646,21.9963,1799.3139,455.8972,3.4138,-26.12700636,1.68768,1.189865,161.707748
210,398,-30.1237,0.244,1.5869,42.9909,0.2433,1.2348,166.5841,0.0347,1.1415,177.1812,0.637,0.1183,311.299,2.499,0.3326,331.0798,3.7666,0.1654,358.135,7.0373,0.9688,597.7908,22.2443,19.047,1893.815,498.7598,1.0181,-22.84500356,1.625951,1.176516,161.9431
211,399,34.2133,0.4249,1.6225,79.1954,0.175,1.4747,167.6336,0.2195,1.304,226.6546,0.476,0.1131,310.6335,3.4359,0.0645,346.0752,4.9326,0.4329,358.9252,4.8211,0.4915,572.3463,27.6981,20.6317,1828.3008,481.7094,1.2387,-25.17908975,1.644292,1.186443,161.535019
212,401,89.4035,0.4328,2.2522,114.4233,0.2141,2.0761,169.5317,0.1113,1.1034,291.5162,0.0854,0.3304,331.2471,1.3971,2.9282,372.8343,6.1877,1.0945,387.6907,6.4062,1.6759,414.4685,28.8525,57.457,1694.885,611.494,46.7383,-24.93517662,1.801806,1.19963,152.986694
213,402,87.2729,0.3926,2.2285,105.8397,0.1681,1.8338,170.6122,0.162,0.803,278.4628,0.6985,1.1254,311.2307,1.048,2.6016,355.8113,4.4099,2.5974,396.5602,5.6558,0.7156,436.4463,28.1089,54.5737,1712.3833,603.7684,36.4246,-24.37424543,1.795722,1.195864,146.488968
214,403,65.154,0.4575,1.7033,95.5073,0.1548,1.4547,168.6866,0.1272,1.3419,272.5297,1.299,0.587,303.7942,3.665,0.6813,333.1063,5.0098,0.6358,364.3202,2.0052,2.0832,523.2852,29.0173,29.7417,1731.3453,507.7658,7.1122,-24.39187846,1.717193,1.194444,141.814896
215,407,110.8468,0.2611,12.9114,130.8019,0.0155,1.3941,165.9891,0.0321,236.433,293.7701,3.5573,16.6646,297.6783,5.7414,1.4293,322.118,3.6502,0.5424,376.6046,1.4123,575.9846,474.5421,9.707,485.2964,1634.8531,739.89,15196.0689,-13.57423357,1.817073,1.19482,135.41037
216,408,108.7712,0.3729,0.9447,133.57,0.0179,0.7792,174.5393,0.3063,5.255,281.9053,3.3587,1.9897,324.9788,3.2638,0.3201,348.5708,2.9988,1.1688,388.8098,1.6203,13.1087,514.0708,2.4593,1.6472,1675.781,511.4603,43.4117,-10.11182164,1.793008,1.193815,141.119858
217,409,88.6422,0.1084,1.4877,109.1822,0.2587,1.3243,165.7779,0.2211,1.8589,308.0702,1.408,2.1489,323.7,3.1743,0.8162,355.747,2.4364,2.3,398.3768,3.2922,2.7121,531.2586,23.332,20.5391,1762.3344,530.9084,5.1975,-14.67865117,1.703922,1.188452,149.622818
218,412,97.6814,0.3455,1.3581,125.1451,0.3174,1.2393,171.3161,0.0823,1.4856,311.5744,2.6306,1.2848,329.4965,3.1849,0.8232,355.0676,2.2077,0.3498,396.5641,2.0231,5.0847,482.8548,32.1933,19.5848,1672.5357,456.964,14.1922,-25.33320621,1.765999,1.201567,139.224564
219,414,84.3492,0.3708,1.3764,110.7865,0.4061,1.3411,166.5884,0.1401,1.2695,274.5064,3.1799,0.6343,293.357,3.9919,1.1204,322.6666,2.0885,0.3282,356.8082,3.0294,2.9371,494.1037,21.5549,49.3764,1664.0882,506.4032,40.7361,-26.26807061,1.78779,1.199702,127.347694
220,418,99.3104,0.1785,1.4159,120.311,0.2029,1.4795,167.6953,0.0897,0.8147,291.8687,2.8336,0.3075,308.122,1.9645,0.5299,338.545,2.2634,5.32,394.8323,3.6817,3.3693,446.0052,22.7415,44.2791,1734.7665,559.1965,26.9297,-18.99704949,1.786203,1.189446,143.991989
221,419,105.6323,0.2675,1.4741,129.5199,0.2478,1.5533,167.3321,0.0869,0.7477,319.2596,1.3106,1.036,330.7071,4.8732,0.2726,346.2817,2.3787,8.0675,399.2123,4.6427,5.7325,444.9111,25.9009,31.3522,1678.9275,519.8803,24.5014,-18.83546566,1.794233,1.199566,146.145798
222,420,89.9379,0.1892,1.314,115.1458,0.1758,1.3895,166.4716,0.0375,1.3576,310.2469,0.1931,0.1926,331.3919,3.2052,1.4181,355.2676,4.3071,0.4772,387.2158,2.4781,2.4701,489.4662,28.3409,17.3775,1760.1632,461.9517,5.3284,-20.97245097,1.727388,1.188999,147.831909
223,423,115.0806,0.1433,1.5651,129.9084,0.04,1.7343,175.2153,0.9716,0.3446,302.4708,3.4726,2.6304,352.0233,2.4855,0.8726,403.579,1.886,3.3863,415.135,10.9399,5.2963,555.9518,4.1529,49.5464,1577.0045,736.0681,314.7759,-18.68172571,1.734478,1.206079,137.991882
224,425,97.7819,0.2751,1.5851,113.8265,0.2995,1.391,171.264,0.2021,0.6807,292.3649,4.0724,0.5847,325.0007,1.3291,0.2448,355.5927,2.7166,2.2847,375.5935,3.6527,2.208,479.455,28.2559,32.7937,1636.0596,456.6292,17.0354,-22.31620088,1.772259,1.207365,138.934723
225,426,91.6275,0.0382,1.7767,111.2345,0.0145,2.2668,182.4845,0.1119,8.5874,275.5091,0.489,1.7079,312.2188,3.0798,0.4421,344.4841,3.6516,0.429,415.2391,0.9243,117.0035,576.307,0.596,42.0721,1804.3731,551.3726,34.5849,-14.5300568,1.680653,1.177558,145.689713
226,429,89.3597,0.2944,1.6777,111.1471,0.316,1.7476,164.0789,0.0229,0.8774,304.6894,0.0966,0.273,338.5357,2.1969,1.2585,345.273,5.2048,0.5584,389.2284,7.3979,0.8201,466.0128,29.5313,25.7721,1707.3839,479.1616,9.5885,-24.25219473,1.756327,1.198938,146.464005
227,430,85.9645,0.2734,1.7411,107.7341,0.2475,1.7296,162.9196,0.0548,0.7713,276.2293,0.0501,0.0932,319.9943,2.2764,0.8852,330.7326,5.1928,0.4679,393.676,8.4522,1.0825,436.2149,27.7613,29.7522,1740.2604,499.8061,14.6625,-26.54285724,1.786088,1.193672,147.64592
228,431,107.3937,0.1119,1.7108,127.0015,0.1696,1.7214,158.7548,0.3948,1.5227,283.2691,1.4594,0.1736,331.8647,3.9084,0.8694,355.3587,3.497,2.9078,417.0059,9.5469,11.2487,522.7742,6.4198,18.7064,1669.8753,607.3472,39.3237,-22.07649206,1.731291,1.200555,151.961182
229,432,51.9293,0.2601,1.4794,88.3719,0.1299,1.329,165.7896,0.1395,1.6544,260.9611,0.3705,0.0864,308.9523,4.2655,0.2857,327.2811,1.7856,0.7133,413.4458,3.1717,0.4295,588.5399,24.5193,13.1183,1834.2245,456.1,0.7108,-27.4662382,1.643913,1.183678,157.623062
230,434,76.8094,0.2973,1.6244,112.2688,0.149,1.2808,166.1935,0.0582,1.9735,290.707,5.4167,0.5811,315.0323,1.9777,0.4101,343.6614,2.0044,0.1165,401.8889,0.9131,2.5874,545.0269,36.121,11.201,1697.4933,416.7681,2.4704,-30.87851208,1.694245,1.203603,150.190186
231,435,97.948,0.091,2.0495,129.9268,0.0534,1.9602,165.1017,0.566,0.9383,290.0951,2.5991,1.7477,326.6149,2.9878,3.6726,360.5464,3.0563,6.7995,392.2268,8.8096,37.3728,499.2049,2.1085,50.5186,1687.5525,798.9191,270.7071,-19.54806602,1.78884,1.191891,142.153168
232,436,105.9904,0.09,2.4373,140.1728,0.0636,2.9275,172.4735,1.5099,0.4301,324.6028,2.7913,1.4207,347.7295,2.8104,16.4147,384.5066,4.7476,2.3064,395.5835,4.683,82.7256,514.8826,0.6055,99.3098,1594.2743,961.5445,690.8485,-17.01261186,1.795203,1.202095,138.126846
233,437,93.5202,0.1363,2.5087,125.8127,0.0688,1.706,171.7417,1.2635,0.7829,305.8862,3.8122,3.0279,315.4615,1.3555,0.5572,382.6665,4.7295,1.8702,423.8382,7.9999,2.2594,532.777,2.0422,76.1658,1700.3326,984.8905,63.1944,-17.89470267,1.722942,1.186388,139.659027
234,440,93.8839,0.2853,1.9694,114.312,0.2243,1.8103,177.1356,0.0787,1.393,308.686,3.9944,0.6637,328.7565,0.5648,0.1871,355.0242,4.7428,0.3028,378.0577,1.6299,2.4102,499.4354,41.5095,23.0737,1683.8214,488.8359,6.8899,-23.83213954,1.726019,1.204522,151.857681
235,441,70.0783,0.1534,2.1322,88.5047,0.1694,2.1043,172.0329,0.0665,1.1149,230.9564,0.1173,0.2386,270.4609,3.2235,0.612,325.4062,7.7808,1.082,343.5875,5.4408,0.5362,421.4385,31.268,36.1911,1807.5694,616.484,19.167,-23.89325901,1.800342,1.182864,152.690125
236,442,100.0826,0.3311,2.0316,111.9644,0.2436,1.9449,172.9489,0.0317,1.4042,310.543,4.6744,0.6673,323.7802,0.7918,0.3028,353.1694,4.8479,0.3265,371.8474,2.2338,1.8841,462.7544,40.9404,25.2878,1668.3763,476.4154,8.6011,-27.64413729,1.762982,1.207752,154.667694
237,445,62.2648,0.2442,1.7537,82.0633,0.142,1.6137,160.0637,0.0287,1.9685,269.3533,0.0542,0.0329,290.3925,5.2208,0.2119,331.7407,2.5454,0.5153,382.4008,3.6119,0.9089,565.0599,30.3009,19.2557,1828.0041,513.8651,2.7312,-27.24127587,1.663117,1.184757,158.924271
238,446,94.8939,0.2448,2.0097,111.0835,0.1952,1.9678,169.5034,0.0248,1.5015,295.1389,1.1585,0.249,318.3824,4.3164,0.2446,331.7275,2.3533,1.6769,381.4899,4.6881,1.3573,461.1235,38.9591,26.7547,1714.5675,514.2851,11.0248,-26.68749829,1.764728,1.199263,153.529037
239,447,94.6333,0.2133,2.1776,109.916,0.1865,2.4149,167.9843,0.043,0.6864,274.3023,0.2545,0.2613,298.8547,3.1349,0.905,315.7413,4.3418,0.4721,354.1322,8.3173,4.604,397.5848,24.6149,57.5634,1713.1588,613.9625,46.4265,-24.98180061,1.834256,1.195619,147.098343
240,448,91.3479,0.2286,1.9476,112.6277,0.2598,2.1078,168.3525,0.0551,0.9001,286.7839,0.8247,0.2133,311.3274,3.9183,1.0412,314.6653,2.8607,0.8684,374.9866,5.4725,0.9822,433.8845,31.6363,41.9916,1699.2254,558.2889,26.5347,-24.26763148,1.80672,1.197924,142.633926
241,449,66.001,0.1965,1.5206,108.5544,0.219,1.4455,172.9779,0.0855,1.4057,291.4084,1.3805,0.0931,307.5474,3.6871,0.3437,329.5117,3.0804,2.0517,403.2544,4.3643,1.577,531.5723,35.3376,17.6041,1746.6009,495.6983,4.9808,-22.27240068,1.697344,1.19167,141.659927
242,452,80.5241,0.1568,1.3921,109.8765,0.2471,1.3384,169.0493,0.0302,1.0664,290.1535,0.3154,0.1154,313.7192,3.3673,0.9941,335.7194,4.8422,0.5209,380.7028,2.3488,2.3242,468.4012,28.7567,29.9216,1740.3099,511.2714,14.3099,-23.23895434,1.767076,1.190353,139.202499
243,453,101.397,0.2348,1.4883,119.9796,0.3154,1.3736,169.9277,0.0123,0.9406,317.7933,1.949,0.6149,324.0454,3.6514,1.496,345.9572,3.7503,0.5082,384.2257,3.5332,9.9572,457.2716,27.9992,25.8628,1651.8756,489.697,21.2221,-22.86295034,1.798475,1.20456,141.111877
244,454,88.5833,0.1539,1.273,109.4725,0.1846,1.3015,169.1374,0.0527,1.1202,284.3042,0.6954,0.5665,304.7787,3.636,0.9379,343.1555,5.8951,0.6372,372.2968,1.2407,3.9647,476.6924,29.5204,22.5024,1761.6809,487.8153,9.7051,-20.32931597,1.757496,1.188126,145.680588
245,458,102.1852,0.0517,3.3318,119.7823,0.0683,35.6165,174.8565,0.6362,284.4583,289.4983,0.8129,47.3646,313.9009,3.5037,2.0011,356.6194,2.4445,84.9764,374.681,1.349,468.8324,466.0809,9.7832,132.8035,1731.9215,843.5483,20602.0437,-11.75357606,1.782954,1.177746,138.095947
246,459,108.8877,0.2943,1.0703,117.5302,0.4912,1.6341,170.7052,0.0605,0.5658,325.3451,4.0212,1.1151,341.8892,1.3807,1.7762,359.313,2.2067,1.8435,391.872,3.3487,3.6741,468.4019,31.582,25.396,1599.0035,436.6374,16.4167,-20.28677079,1.789388,1.212998,137.2258
247,460,53.9055,0.1795,1.048,88.6445,0.1485,1.32,163.6373,0.2251,1.0068,255.7166,0.0853,0.2176,300.3303,1.9899,1.1521,341.376,4.7451,0.2491,370.5484,5.25,0.6648,479.1368,24.6004,20.2096,1825.7127,485.1893,7.7206,-21.19666029,1.740078,1.177877,141.605652
248,463,102.9998,0.2849,1.0283,105.0802,0.3103,1.0179,164.5552,0.0561,1.4644,297.4211,5.3426,0.3763,335.1774,3.5964,1.1183,373.606,0.6233,0.2079,402.5233,1.6002,3.8531,525.8836,32.052,10.4529,1618.967,369.6314,3.5357,-27.38892897,1.725056,1.213245,142.346725
249,465,119.2161,0.096,1.4572,134.8303,0.0734,3.1141,171.7283,1.1585,0.4599,317.0161,3.6348,2.3955,335.2384,4.2041,9.5662,383.0637,6.9086,37.7817,421.1298,1.5094,17.508,526.1283,1.3972,89.9818,1507.3348,795.3062,796.308,-16.84726298,1.792955,1.214544,135.864853
250,466,99.3605,1.8219,1939.0175,110.1191,3.2885,3124.5698,181.8918,0.8434,2937.22,245.9111,38.1524,34304.8763,313.1598,9.9988,6292.9647,350.5068,5.3478,1824.652,384.0381,13.7228,6067.0241,519.6348,6.1375,1073.4564,1717.7128,790.0073,182424.1037,-14.91697947,1.728351,1.180132,139.143661
251,467,100.0315,0.0763,1.9643,124.2845,0.2795,8.0078,174.061,0.16,30.8511,317.5644,2.772,0.3795,364.3179,1.6411,1.105,376.3784,3.3083,0.2264,492.7698,1.1191,28.2751,696.1996,0.1951,259.4778,1689.9892,612.656,57.633,-14.02622902,1.641784,1.194357,143.353149
252,468,80.206,0.0432,0.9531,102.9369,0.1526,2.0071,180.1609,0.0536,16.7699,283.4606,0.147,0.0283,329.5396,3.0734,0.6098,363.2556,3.8914,0.4641,470.1563,2.2111,0.7664,650.4759,2.7827,5.934,1817.3192,625.2353,216.2861,-11.42112126,1.650749,1.174618,146.220886
253,469,96.3488,0.3164,1.4958,123.6144,0.1564,1.5773,177.0524,0.1037,0.7727,323.4759,0.1122,0.2371,337.8806,3.2138,1.0592,358.0566,4.7414,0.7771,379.4175,2.8953,2.8199,486.3163,37.2578,23.1917,1702.2532,459.4451,6.6755,-15.39495383,1.722733,1.19855,146.506577
254,470,90.2703,0.1642,1.7528,112.7028,0.1583,1.8755,172.2103,0.1496,0.6631,261.9816,0.7259,1.4675,312.0789,1.4877,1.8352,350.1391,5.3385,0.9332,383.5947,5.5929,0.5381,433.3654,30.1621,33.6829,1755.2242,563.4423,16.7832,-17.46862338,1.790965,1.188513,146.472275
255,471,96.365,0.2824,1.6878,118.8444,0.1556,1.6411,171.8877,0.0458,1.3074,307.1778,2.8838,0.4968,313.2614,2.5072,1.4466,345.7057,4.1754,1.1717,378.1531,1.6455,3.0764,474.3212,38.942,20.4748,1694.3303,477.0423,10.1192,-23.23223998,1.767259,1.200493,146.626434
256,472,75.1112,0.191,1.5029,96.5008,0.1528,1.3951,169.2815,0.1238,1.7716,272.0914,4.4708,0.503,300.2483,0.5167,0.1412,346.4731,4.7731,0.2517,358.5721,1.9185,1.469,543.4962,33.861,15.9685,1760.8963,456.7352,4.2217,-27.26449374,1.698024,1.191869,146.740265
257,475,95.2811,0.1087,1.8699,116.3606,0.0665,1.5855,159.7278,0.0206,1.6159,285.9758,3.1377,1.7707,298.6911,3.5114,0.6034,364.4859,2.4237,3.1072,409.618,9.4671,8.6,514.2302,10.2143,19.5619,1690.9501,662.0623,82.923,-24.2095868,1.754676,1.195001,140.933975
258,476,108.3714,0.1185,2.107,130.2028,0.043,1.6911,165.9466,0.2657,1.3975,316.7563,2.2751,1.5483,318.6983,3.733,2.4773,377.9113,3.7458,5.7535,391.7525,10.7487,14.4949,529.569,4.752,23.0344,1626.6861,665.7964,103.4372,-21.27378127,1.777886,1.20457,144.513824
259,477,82.7682,0.2263,1.9065,119.2836,0.1575,1.5062,163.1909,0.0845,2.1677,291.0211,0.1544,0.1029,335.3858,5.1741,0.8207,345.4015,3.0793,1.6847,407.198,2.1585,9.1952,485.5004,39.3535,15.7952,1752.578,549.5424,11.082,-24.87223736,1.747118,1.190866,149.966797
260,478,72.9175,0.3028,1.7478,121.2657,0.1563,1.469,166.2643,0.1129,2.0935,317.9228,4.3552,0.3123,326.891,1.2612,0.2613,341.1811,3.7312,0.6793,425.677,0.4755,6.1139,552.3954,36.896,18.873,1723.7549,507.6579,4.1226,-22.45996342,1.676441,1.197208,152.689865
261,481,86.6378,0.038,1.5367,110.9507,0.0469,3.2389,180.6103,0.11,18.1989,272.0865,2.4188,0.2221,304.1234,2.4746,1.416,336.5972,3.2527,6.2246,401.2321,0.6676,97.9418,476.2071,6.3129,5.746,1800.9825,598.6772,376.4663,-13.97690674,1.748757,1.17574,136.000092
262,483,-35.0394,0.2051,1.5383,56.0095,0.1322,1.8944,163.2831,0.8551,1.1067,203.6831,1.807,0.4612,236.9209,1.0567,0.4765,323.1687,6.4455,0.3001,339.7504,7.1393,0.6655,521.8364,24.6881,29.2539,1854.0528,579.7532,7.44,-23.37230021,1.711102,1.174716,140.411102
263,486,113.9895,0.0443,1.7289,121.2377,0.0515,2.025,158.5146,0.3169,2.5138,294.876,4.985,0.6584,336.0591,2.493,0.5358,392.9336,1.8276,1.1256,403.2556,9.3485,19.6941,550.1935,7.0528,29.1793,1600.2294,708.1793,66.5442,-23.23437351,1.717415,1.210181,152.397507
264,487,73.7966,0.1485,1.718,86.0024,0.1871,1.7332,153.4621,0.0646,1.544,265.0983,0.1824,0.1055,307.7814,2.9167,0.5775,339.2104,5.5702,0.8103,360.571,3.9073,0.8376,463.9043,32.3096,27.0281,1811.709,557.5352,9.392,-27.11658963,1.759162,1.182788,150.693024
265,488,112.3404,0.0356,1.8111,124.1361,0.0857,1.774,159.4497,0.22,1.5605,295.6167,4.1327,0.7287,335.2002,4.3796,1.212,360.7857,0.8882,1.1933,411.8864,9.9903,13.8441,555.6434,7.7765,28.3065,1599.5486,689.1609,105.495,-20.19553084,1.726454,1.209454,148.862473
266,489,41.6111,0.1354,1.4748,75.364,0.1387,1.5764,166.5377,0.2357,1.3789,238.1151,0.4332,0.0836,290.2776,3.4863,0.35,313.8402,5.4085,0.334,345.4218,4.0471,0.9695,532.0009,31.4208,20.5284,1858.2501,531.167,3.8799,-21.12336712,1.688085,1.17604,148.502686
267,491,95.6161,0.0179,2.2415,115.7056,0.0162,1.5244,178.9173,0.077,20.7895,277.4897,2.077,7.753,311.9205,3.3626,4.6863,333.6599,4.1373,10.5413,419.2971,1.6053,159.9504,584.0979,0.0332,147.1333,1756.5925,624.7943,459.3724,-13.60655033,1.686196,1.183261,143.572708
268,494,106.5069,0.0464,1.2136,114.9108,0.0446,2.608,177.2092,0.3574,9.4739,290.4716,2.5295,1.7444,317.3935,1.9915,0.6009,360.0458,3.9685,4.7709,421.0606,5.8378,49.0639,565.8489,1.5626,141.1052,1707.3463,726.3644,150.8505,-15.51838505,1.701679,1.187763,142.68425
269,497,110.233,0.1316,1.536,134.9555,0.1053,1.4293,163.0554,0.1092,1.7236,322.7476,4.1099,2.8161,348.2083,4.9058,5.4965,366.7778,7.1734,0.3098,420.7729,5.5851,21.1795,564.0213,10.1578,11.8141,1605.5233,615.4747,82.4247,-17.58822679,1.713586,1.208266,150.12915
270,498,68.6378,0.1873,1.3506,90.306,0.1924,1.5353,158.9241,0.2748,0.8811,233.6371,0.0599,0.208,315.4015,3.065,0.8444,334.2358,4.3107,0.4974,364.5578,6.9412,1.1322,446.8531,30.3609,25.8773,1809.8831,494.5612,12.7079,-21.82140925,1.765203,1.182236,150.136551
271,499,110.2166,0.0672,1.2486,141.604,0.0914,1.6728,167.4499,0.1013,1.3027,299.1901,3.8518,0.7036,342.6548,3.8025,3.8242,351.6739,5.4335,0.2843,418.3951,6.3284,22.6135,555.5791,6.8027,17.1741,1601.8299,588.8208,78.6557,-16.409261,1.735375,1.208475,149.637985
272,500,26.823,0.0643,1.1643,86.0142,0.1689,1.3658,164.814,0.1729,1.176,238.9219,0.4492,0.1873,309.9653,2.4527,0.9011,316.5412,5.1805,0.2915,367.5749,5.5297,1.0604,512.7395,29.1769,15.6943,1861.4469,468.5256,3.7681,-19.50338731,1.696749,1.174786,149.056305
273,501,77.6963,0.2062,1.0753,109.1196,0.2152,1.1791,168.9162,0.1455,1.3216,305.316,4.6563,0.4683,318.177,4.5101,0.2801,337.1339,1.1159,0.4213,394.682,0.9096,2.2089,563.3852,29.5205,9.1684,1685.3422,383.4165,1.1259,-18.69735071,1.651465,1.202524,146.314423
274,502,44.0278,0.0712,1.0737,98.0007,0.1356,1.2061,165.3549,0.2605,1.2143,243.0812,0.9142,0.2948,290.5994,2.1897,1.0362,318.3997,5.0961,0.3422,357.2069,4.0679,0.7339,521.6525,23.1869,16.5262,1830.7262,457.0729,4.2519,-19.86941389,1.703083,1.177162,141.26152
275,503,102.9768,0.2617,1.1578,116.5393,0.4336,1.1216,173.0064,0.154,0.9368,315.8137,4.0031,2.0192,333.0002,4.7863,0.5126,373.6239,0.5223,0.157,398.6781,1.6199,5.1328,518.2336,25.3238,25.2706,1572.4628,403.898,13.9553,-22.68517676,1.754351,1.216582,134.569687
276,504,72.5969,0.1681,1.1981,114.8796,0.3149,0.9196,171.3532,0.1248,0.6065,263.6922,0.7173,0.4284,290.9047,1.6166,0.9978,347.3307,5.0789,0.2489,373.4864,3.7374,1.1797,461.2696,12.2786,65.1507,1768.1714,572.2292,35.4494,-20.10378887,1.790051,1.181318,130.983246
277,508,67.6435,0.1237,1.3691,125.1982,0.1841,1.0696,179.4359,0.2475,1.2609,250.1632,0.5815,0.239,325.9627,3.2542,1.5688,353.3626,4.2233,0.4671,394.8254,2.0166,3.6904,482.1868,27.3225,23.1696,1791.0357,510.6548,9.8261,-18.63798826,1.741179,1.181604,140.858414
278,509,91.6642,0.3053,1.5229,134.7494,0.4833,1.0251,176.0122,0.1113,1.5408,304.5245,3.851,0.9825,347.8578,4.7699,1.768,348.4218,1.4186,0.1932,405.669,3.8728,11.7008,480.9063,38.6701,12.7593,1608.0406,435.5297,14.9458,-23.21674048,1.785007,1.212631,139.853149
279,510,62.9693,0.1223,1.6049,118.1702,0.188,1.5728,165.7434,0.2621,1.3239,243.4202,0.3205,0.3093,309.1407,3.3376,1.2319,328.5645,4.2829,0.7164,373.3824,8.0451,1.7665,443.6103,33.6324,23.0327,1788.4034,537.1358,14.298,-22.92927815,1.783322,1.183592,141.310715
280,511,77.7833,0.2855,1.5416,117.3583,0.4177,1.375,168.4035,0.1021,1.8974,298.9457,5.48,0.5775,329.6503,1.6084,0.246,348.3106,3.7141,0.3033,409.3472,1.313,3.9853,528.5704,43.9425,12.2431,1661.0332,434.2705,4.5423,-25.6587584,1.698544,1.207457,144.799774
281,512,-20.7354,0.1363,1.5132,83.3596,0.0758,1.7022,160.4519,0.1925,1.882,216.3997,0.6774,0.0748,283.7798,4.2328,0.3626,308.9059,5.6061,0.2391,375.787,3.4021,1.4407,573.6779,32.8209,16.2596,1867.7538,518.1978,2.6406,-24.37411993,1.652027,1.175885,149.644836
282,513,57.9893,0.2687,1.6109,100.4498,0.0718,1.702,166.4027,0.2446,2.0308,286.0838,0.5101,0.1448,300.2512,4.5983,0.4569,310.1711,4.8433,0.3456,401.7028,1.1939,1.789,577.4111,35.9465,15.4677,1764.6173,474.5051,2.0202,-27.88836418,1.6587,1.193411,152.591995
283,514,99.5032,0.1048,2.0447,118.4311,0.0628,1.8661,155.6763,0.1141,3.1555,287.6724,0.5425,0.6755,306.9347,4.095,1.4892,360.0104,4.0625,0.7935,406.2761,7.4163,11.1564,525.4162,15.9849,5.6654,1714.2349,637.7001,11.3803,-23.39187852,1.737686,1.194727,153.017792
284,515,107.4773,0.1027,2.048,123.4108,0.062,2.0454,158.6108,0.1118,3.793,296.3568,3.189,2.0035,304.8384,4.0937,1.7002,363.4983,4.9411,0.1384,378.0549,10.8428,22.3197,502.9855,10.2981,6.5255,1641.6907,638.0568,31.3538,-23.30314861,1.791258,1.205146,150.270035
285,516,85.399,0.2736,2.0369,104.1098,0.1476,1.8793,164.4176,0.1521,1.8839,276.2662,1.1033,0.2432,286.0834,3.845,1.2034,318.1423,4.3386,0.5357,370.7518,3.0491,2.3917,458.4571,42.2289,25.7461,1724.657,524.0628,16.4846,-31.78827608,1.780863,1.197114,147.403549
286,517,76.7628,0.2799,1.8314,93.7442,0.2107,1.6524,165.4121,0.1384,1.9379,294.0932,4.2494,0.4875,299.9159,1.42,0.4944,337.6001,4.076,0.3173,378.9863,2.3853,1.9989,533.6045,39.0913,18.7347,1731.4547,503.5724,5.3905,-30.03124808,1.70578,1.19665,145.813171
287,520,118.4276,0.0232,3.4717,125.6534,0.0045,2.9545,170.78,0.7036,30.5028,304.6158,4.7126,0.4638,312.1141,3.7808,2.4136,367.6083,0.7907,3.1155,402.7735,5.6213,187.8385,547.0688,0.8768,204.7521,1600.7596,1026.5249,821.8152,-14.85378921,1.737926,1.200193,144.336853
288,521,104.4037,0.0103,2.4394,117.5383,0.0358,4.2641,176.1716,0.0654,68.0852,260.128,0.7745,4.4687,321.1904,3.6867,3.2636,342.2881,2.8859,33.9544,350.6063,3.6297,27.853,466.4526,11.6456,59.0532,1754.2597,926.5263,5196.012,-8.526543129,1.792637,1.177771,148.167236
289,522,121.8338,0.0233,2.5803,131.3447,0.0327,4.3404,176.3305,0.8346,6.0031,290.1198,0.4206,1.5415,304.0227,4.4073,1.9667,337.0496,4.3522,2.8789,400.4249,4.0628,119.2394,537.4226,0.2129,159.3983,1601.7682,1029.0897,5.2772,-9.455069676,1.745097,1.201537,153.701767
290,523,-165.0658,0.5045,1.9206,90.7231,0.0281,2.7439,147.6078,0.1821,3.3489,177.2845,0.0383,8.9295,288.3445,3.9162,1.363,318.1016,4.2358,1.5139,392.8111,1.5791,37.5356,536.7439,2.5842,53.2577,1850.1178,789.2293,76.2814,-10.13397274,1.682927,1.171498,158.408203
291,524,73.9153,0.1897,1.5703,78.3684,0.1331,1.4811,178.1369,0.0531,1.2506,298.0515,0.1902,0.1218,311.6368,3.1171,0.2262,322.9354,4.3484,0.2632,329.8502,3.1133,0.3858,595.37,27.1282,21.4992,1806.8775,495.465,1.2926,-15.69640964,1.629086,1.187804,160.138
292,525,-50.4213,0.0969,1.3684,32.0984,0.24,1.5482,170.5329,0.0859,1.2075,237.2433,0.2014,0.1228,252.3508,1.5563,0.3602,312.7516,5.3565,0.345,323.8969,5.6123,0.3234,548.3454,28.2872,22.1645,1904.4038,529.8624,2.8139,-21.0119841,1.676385,1.171786,157.110931
293,526,110.0257,0.0617,2.4599,117.4468,0.0478,1.8572,160.7581,0.1254,1.5302,293.3698,5.0752,1.5647,297.0146,4.1293,0.785,353.3856,1.3956,1.2038,396.7279,9.8718,18.2,508.8378,6.5678,52.7608,1578.4725,706.9318,149.1898,-20.68718492,1.746718,1.213214,150.936218
294,527,60.2053,0.1512,1.6583,79.5696,0.3038,1.7973,153.0387,0.3809,0.8511,212.5176,1.1933,0.9059,246.1158,2.1695,0.5423,311.4893,6.7025,0.5884,317.0367,6.7323,0.4163,423.679,31.136,31.0219,1798.3269,530.0327,17.752,-29.2543907,1.810943,1.185349,147.754822
295,529,55.274,0.1729,1.3648,66.5694,0.1691,1.449,159.4675,0.257,1.5574,242.8221,0.2079,0.0474,266.7331,3.1147,0.223,307.2142,5.3042,0.1363,316.9717,4.8386,0.4805,536.8828,32.2369,14.4742,1849.7228,450.5146,1.9964,-29.41038968,1.6953,1.180957,154.236542
296,530,70.0003,0.279,1.2537,76.5277,0.1608,1.2388,165.6599,0.0915,1.5819,291.3647,3.1959,0.2022,300.1773,2.5502,0.1292,327.6613,4.2244,0.3155,350.6535,1.6546,0.5508,595.7863,25.4937,13.1416,1784.9852,434.861,0.7968,-23.08439862,1.6368,1.191642,156.268661
297,531,63.228,0.1386,1.1902,76.824,0.1521,1.4253,168.6566,0.0872,1.2135,251.135,1.1714,0.4529,307.4426,2.2325,0.7335,339.8737,4.117,0.6505,357.9124,4.2782,0.34,541.9592,25.6137,17.8182,1826.8129,471.6985,2.135,-18.01418057,1.681125,1.181781,152.802368
298,533,120.6644,0.0386,1.6596,125.9509,0.0894,15.9421,182.0337,1.0219,80.5707,302.5586,3.7954,23.0365,318.4316,3.4126,12.7272,336.6971,4.2572,0.8061,381.2226,1.2801,225.8596,494.2038,10.8864,5.4172,1631.2446,1004.733,7585.2544,-9.021334764,1.783155,1.18947,140.872238
299,534,122.7435,0.0486,0.6789,129.4133,0.0523,0.7266,191.7322,0.1417,1.7947,320.0394,3.3028,0.3094,343.29,2.3079,0.3224,370.7046,2.2733,0.138,409.9286,2.6419,7.1224,525.0236,4.8907,1.5272,1704.8453,416.6969,14.5431,-9.249058143,1.74287,1.190172,137.203766
300,535,109.0149,0.0804,0.7897,115.3797,0.1273,0.7396,188.665,0.0097,10.2265,313.6018,3.275,0.4997,318.0164,3.2512,0.3415,375.325,1.431,0.5928,456.1717,2.4187,3.1389,661.437,1.9469,83.2629,1703.7049,565.4364,307.466,-11.27880199,1.666306,1.188828,135.873886
301,536,90.0175,0.0879,0.8144,99.7842,0.1095,1.1068,180.5067,0.0106,11.8979,281.8914,3.7434,1.2433,319.4593,2.4578,1.2074,354.6568,2.8408,1.9782,448.1633,2.4139,5.5527,720.7988,0.2889,114.5091,1776.9447,552.2984,102.4678,-12.31331498,1.639927,1.179711,135.47258
302,539,110.3056,0.3067,1.2287,120.9652,0.276,1.077,169.1013,0.0226,1.1503,319.5621,4.5323,1.1797,339.5747,3.5496,1.9682,363.0016,1.3405,0.4256,390.1092,3.9344,9.9846,478.2882,25.1701,17.0889,1634.3645,449.2434,13.9975,-21.94578173,1.782239,1.206946,140.549377
303,540,91.7313,0.238,1.2118,103.3704,0.1396,1.1539,165.491,0.0886,1.5588,302.6588,0.7431,0.2446,319.2915,1.9803,1.4395,338.8744,4.4905,0.5412,386.5191,2.3063,3.0057,491.8499,26.1442,17.6674,1768.8098,467.5709,6.8008,-22.30634897,1.736756,1.18684,144.713989
304,543,95.1274,0.4579,1.1645,113.3722,0.3614,1.0698,166.5493,0.0987,1.8603,291.1061,4.8827,0.5506,317.5512,4.484,0.8632,382.8545,0.5298,0.8541,398.8068,1.1066,2.963,530.1529,36.2605,11.1483,1580.7312,362.6857,5.9856,-29.54681036,1.737412,1.21922,137.649628
305,545,100.5672,0.3807,1.1749,117.5411,0.6354,1.5891,166.1919,0.0641,1.0865,280.5838,4.5527,0.8229,325.5818,3.3653,0.8164,353.072,2.486,5.7272,376.1976,3.3616,3.4974,463.5785,29.743,28.0155,1579.895,441.9695,44.1989,-28.15085161,1.823548,1.21656,132.70311
306,546,82.8989,0.2204,1.1699,104.3689,0.2094,1.3649,166.7313,0.2251,1.3318,262.9471,1.3178,1.1193,283.755,3.1181,0.919,328.1392,4.365,1.6309,362.428,3.3927,1.366,486.4341,24.7653,25.3235,1782.4817,502.6354,13.2264,-23.94032226,1.753693,1.183688,138.97377
307,550,103.8222,0.1074,1.0674,114.3067,0.0059,0.8515,175.461,1.063,1.9204,233.3857,5.2719,2.1702,311.6596,4.1358,0.523,317.2612,2.2494,0.4226,355.336,4.4343,1.1276,430.5127,1.5277,3.7203,1787.2958,514.3216,57.3034,-11.20751685,1.837726,1.176131,129.219376
308,551,97.2513,0.444,1.9768,112.5039,0.3344,1.5794,171.8771,0.072,1.3372,323.9125,3.4974,2.0922,335.3523,3.9966,4.5219,380.2088,0.4812,4.1548,390.909,2.5424,13.6064,490.8806,18.8686,70.6782,1554.2487,604.9274,45.7097,-22.04543032,1.797418,1.215399,129.222443
309,554,64.4575,0.1582,1.4624,70.9767,0.126,1.6431,163.112,0.125,1.9675,266.6665,1.5905,0.1215,304.1141,1.2708,0.8476,318.7289,4.2694,0.4283,365.3226,3.2459,1.1862,547.4757,28.2694,20.0537,1843.8223,546.8611,4.2684,-24.81820875,1.686442,1.178335,150.305954
310,555,105.2566,0.1898,1.6718,107.7375,0.3044,1.7893,165.308,0.0644,1.9112,287.5275,4.528,0.4715,329.1347,3.3805,1.7967,351.3369,1.5693,0.3849,386.0806,2.7781,4.1331,478.7758,37.9704,21.4191,1653.5673,467.8241,10.6521,-28.5171292,1.768913,1.208869,150.722961
311,556,92.0231,0.1466,1.8746,95.8789,0.169,1.9213,162.2904,0.0804,1.8252,261.568,1.475,0.1122,289.6588,1.6227,1.6451,315.2963,4.4786,0.4478,363.0687,4.1897,1.3635,417.1034,32.469,35.8606,1764.5618,584.9111,21.4889,-27.96592441,1.815172,1.189026,151.153702
312,557,112.4901,0.0518,2.0967,119.5698,0.0547,1.8909,157.6083,0.1701,2.2016,293.5959,4.0608,0.5222,301.5603,3.9813,2.0251,362.5701,1.4943,0.2788,388.2584,11.2401,22.2833,514.9814,7.601,32.3624,1615.3308,679.9045,101.6477,-21.9656738,1.762291,1.207829,150.873367
313,558,61.2404,0.1885,1.579,68.6257,0.195,1.5887,162.4385,0.1305,1.7408,263.0481,1.1897,0.2397,287.6206,2.8702,0.3208,317.4224,4.21,0.4687,350.3143,3.6253,0.4744,555.1995,31.8321,17.5451,1824.6042,501.2351,3.0615,-27.39558058,1.676187,1.183774,151.446884
314,560,71.4666,0.3837,1.6566,89.8177,0.1989,1.5058,173.6383,0.0392,1.1543,277.3515,4.3923,0.1631,306.9995,0.8453,0.2066,330.7142,3.341,0.6468,366.1448,6.3793,0.5269,549.25,33.5261,19.737,1748.3064,457.757,2.476,-20.86552326,1.670081,1.195856,150.222794
315,561,88.6126,0.1122,3.3998,107.6991,0.0867,5.5082,174.1811,1.0044,8.0814,229.0019,1.5042,2.1511,280.0885,4.225,1.6849,373.6779,3.1806,38.4116,398.8289,2.7341,67.3172,477.6282,2.3254,232.4796,1714.442,1215.5722,62.6543,-10.28721069,1.763117,1.181354,151.117508
316,562,119.4799,0.0559,2.9345,131.3753,0.0544,5.2769,178.0484,0.9211,2.3298,257.2178,0.0202,1.1267,301.4898,3.6195,2.2023,367.5023,3.6421,30.5212,391.241,4.0238,110.214,511.7889,1.5277,151.789,1588.8293,1070.5993,81.9496,-8.295556698,1.767915,1.202024,154.563812
317,563,-248.1948,0.3913,0.9347,97.0846,0.096,3.0144,117.3583,0.0969,1.6226,176.0047,0.0944,5.9847,294.0107,3.9194,1.3265,315.527,3.6414,1.695,381.9719,4.3364,22.9901,493.1487,1.0294,81.0915,1824.4202,873.256,20.5027,-9.202371399,1.718043,1.172459,159.46788
318,565,-169.4211,0.0159,0.7129,-139.45,0.423,0.9159,164.881,0.2081,0.9636,175.6239,0.1615,0.8639,207.0156,0.3664,0.5652,300.298,5.2801,0.2444,309.2917,4.5295,0.2624,595.9516,20.5574,19.5856,2031.2662,547.4794,1.6758,-17.4920295,1.637986,1.154411,163.447479
319,566,100.8426,0.1993,1.5966,103.0582,0.2588,1.367,174.818,0.0562,1.1899,282.6018,5.5628,0.2284,326.9646,3.884,0.2788,354.4261,0.8555,0.4442,359.4886,1.6477,0.2219,532.5536,35.6943,19.8815,1681.1271,387.006,1.7624,-23.14250605,1.692187,1.209137,161.030151
320,567,-51.5151,0.0804,1.4769,41.7889,0.4591,1.6172,171.3637,0.0655,0.9316,207.1555,0.5347,0.2304,218.4668,1.8232,0.677,298.3619,6.2421,0.4883,346.2711,6.4756,0.399,435.0445,29.3633,28.3171,1860.5849,538.3106,9.2572,-24.00803059,1.788169,1.17681,158.275833
321,568,118.7696,0.0996,1.9681,128.3841,0.1223,1.826,160.8247,0.3596,1.3431,297.7646,4.7687,0.8688,330.7406,1.1291,1.6416,376.1341,10.2854,29.2076,387.148,5.9646,1.2784,499.2388,7.2653,24.9406,1574.1173,627.2075,107.2995,-18.65593505,1.774064,1.215811,156.470413
322,569,-22.0455,0.1786,1.3949,52.5138,0.2655,1.5462,160.0411,0.0319,1.2721,223.3922,1.1697,0.3921,276.5984,1.6306,0.3987,304.1934,5.0617,0.3673,390.1806,5.2437,0.5549,497.0411,25.9614,23.6865,1868.7756,512.019,4.6159,-24.98506366,1.722999,1.176313,156.185699
323,572,116.0396,0.0732,1.4014,124.6289,0.0976,1.7583,167.967,0.299,0.9161,312.9312,4.4657,2.5832,328.6815,3.2118,0.9553,395.0237,1.2251,0.5335,412.9201,9.081,14.9326,551.6843,6.2427,38.5168,1582.6415,699.5764,202.9046,-18.70230804,1.740739,1.207827,140.141174
324,573,111.3949,0.0666,3.0796,122.5098,0.0825,3.0833,164.1626,2.5752,0.4606,299.0175,4.0762,44.462,303.6457,3.555,22.1654,338.9197,3.7707,318.3938,371.1208,4.3158,79.9305,456.7629,14.277,577.3638,1563.4164,1648.0642,419.505,-13.92620393,1.820608,1.191041,134.355301
325,574,119.3259,0.6874,8.0119,129.3129,0.0695,3.0517,166.8305,4.8364,8.6289,298.0129,5.4676,28.2761,337.6012,3.2033,52.1188,371.1431,1.6744,113.0175,394.675,12.0344,6.0848,505.3152,8.2198,846.3879,1494.7098,1488.3548,428.7119,-13.90373907,1.79187,1.202027,134.026642
326,576,-494.1332,26.9081,796.9069,74.4459,0.105,1.0817,109.9156,0.1405,1.2063,225.6559,1.4383,19.5477,310.2952,2.1243,0.4881,330.7557,1.342,2.1524,362.797,3.1156,0.7694,502.3902,10.2501,10.4424,1776.9974,453.1172,153.8713,-14.04605834,1.62138,1.177789,144.577621
327,578,119.4862,0.0281,17.3678,141.277,0.0208,4.7597,172.8541,0.1576,261.3366,301.7711,2.7047,308.57,331.2858,2.6667,90.0422,347.7727,2.3137,5.9877,381.4857,3.3955,158.652,487.2261,4.556,334.2487,1696.0557,537.7156,3585.6183,-12.42199971,1.806764,1.18801,135.59758
328,579,114.6653,0.321,22.3459,142.884,0.0378,35.7768,165.9967,0.2521,597.3242,248.2117,7.9543,3.8484,350.1783,4.416,35.0891,352.1232,2.3513,14.8309,381.4783,4.0986,2300.9084,475.0356,3.2135,691.1162,1546.3875,507.786,6304.6806,-11.79461521,1.853274,1.210809,129.812119
329,583,97.0337,0.3898,1.0845,111.1505,0.2593,1.1817,169.7743,0.1575,2.2498,283.3657,4.5082,0.3579,323.1855,4.4723,0.3603,408.7577,0.1466,0.6174,422.3427,1.0847,4.1179,582.175,33.775,9.9102,1592.4349,370.6551,1.628,-27.2089591,1.677719,1.219153,147.015839
330,584,53.4955,0.1922,1.2483,76.033,0.1265,1.5507,163.3197,0.1451,1.868,218.6284,0.2872,1.2477,280.7139,1.3506,2.2918,329.9304,4.0299,1.5086,351.2377,4.6183,0.8477,416.3263,25.4231,30.4246,1841.6698,611.4833,22.1234,-24.03143672,1.815626,1.174583,146.714142
331,586,57.4795,0.1807,1.7554,76.4346,0.2168,1.039,146.3937,0.1104,1.96,216.089,0.2103,4.0381,300.8393,0.9211,11.4447,342.4415,7.647,10.2876,361.4798,4.5023,1.5391,386.9248,22.4579,22.5738,1815.5689,677.6712,51.4446,-23.65034989,1.854992,1.176981,141.53511
332,587,105.6123,0.6687,1.059,108.4533,0.3213,1.2727,162.8509,0.0917,2.2578,319.402,4.9411,0.4823,332.2249,4.9497,0.2913,408.363,3.7144,8.3224,416.889,1.0504,1.4891,537.8166,35.3576,6.813,1531.9919,389.4919,5.8318,-28.7146066,1.728694,1.226886,139.358429
333,590,-46.1288,0.229,1.2248,49.8194,0.1761,1.2538,159.1819,0.5121,0.6551,206.3709,0.0769,0.7894,261.9105,2.3564,0.7581,324.9676,5.4938,0.6751,340.602,5.2469,1.6487,465.2949,17.6285,53.3242,1875.6049,634.7794,23.0197,-21.95287259,1.7649,1.167462,135.71759
334,591,98.3205,0.5391,2.0251,127.962,0.3971,1.6705,171.0959,0.3145,0.7606,321.9914,3.3264,4.0827,339.0964,4.6102,3.5341,379.505,1.1178,0.8628,398.4326,3.0782,10.4953,476.6198,30.6913,46.1532,1531.0186,524.2899,44.3255,-21.97941626,1.800367,1.223147,137.280853
335,592,74.1355,1.0038,14.271,103.8496,0.0464,1.716,170.2436,0.6499,76.5671,235.5783,3.5235,37.7318,309.2781,1.9578,7.0237,345.0793,4.2218,9.2715,370.3232,1.2389,135.0656,450.3719,6.4371,1.8493,1807.4567,977.3163,3747.2922,-11.63692195,1.786152,1.167689,142.755402
336,593,81.8904,0.4367,1.3875,119.251,0.1535,1.4774,174.7905,0.1293,1.5601,314.5796,5.6934,0.2792,336.2356,3.2522,0.6745,388.2348,0.6765,1.8929,414.4201,0.4766,1.6065,564.6932,34.3136,16.3905,1592.1222,405.6179,1.6977,-19.23644455,1.655126,1.2183,148.421768
337,598,-42.8785,0.0661,1.5052,56.5487,0.2961,1.6911,163.0101,0.1567,1.0947,209.96,0.1439,0.1811,253.2128,2.8437,0.7887,306.9489,5.9064,0.1671,338.4685,7.4057,1.0287,455.2558,30.0109,26.054,1871.0965,547.5058,9.1704,-24.72295273,1.769162,1.173728,151.784851
338,599,87.3921,0.2268,1.4466,89.9946,0.2577,1.3235,169.1218,0.0624,1.4995,306.7704,4.5594,0.3798,320.2934,4.3819,0.1429,348.3132,0.4945,0.0168,370.2964,1.0577,0.9565,579.2881,32.419,15.3013,1695.3842,413.5831,0.9768,-23.14664761,1.649779,1.205905,155.943497
